Species,Encounters,Routes
SPECIES_BULBASAUR,1,gPetalburgWoods
SPECIES_IVYSAUR,0,
SPECIES_VENUSAUR,0,
SPECIES_CHARMANDER,3,gMtPyre_4F|gCaveOfOrigin_Entrance|gVictoryRoad_B1F
SPECIES_CHARMELEON,0,
SPECIES_CHARIZARD,0,
SPECIES_SQUIRTLE,2,gMtPyre_5F|gCaveOfOrigin_Entrance
SPECIES_WARTORTLE,0,
SPECIES_BLASTOISE,0,
SPECIES_CATERPIE,3,gGraniteCave_B2F|gMagmaHideout_2F_3R|gMirageTower_3F
SPECIES_METAPOD,0,
SPECIES_BUTTERFREE,0,
SPECIES_WEEDLE,1,gRoute111
SPECIES_KAKUNA,0,
SPECIES_BEEDRILL,0,
SPECIES_PIDGEY,3,gRoute101|gMagmaHideout_2F_2R|gMagmaHideout_3F_3R
SPECIES_PIDGEOTTO,0,
SPECIES_PIDGEOT,0,
SPECIES_RATTATA,1,gRoute113
SPECIES_RATICATE,0,
SPECIES_SPEAROW,2,gNewMauville_Inside|gMagmaHideout_3F_2R
SPECIES_FEAROW,0,
SPECIES_EKANS,2,gSeafloorCavern_Room5|gSafariZone_Northeast
SPECIES_ARBOK,0,
SPECIES_PIKACHU,3,gSafariZone_South|gRoute119|gSafariZone_Southwest
SPECIES_RAICHU,0,
SPECIES_SANDSHREW,5,gRoute111|gMirageTower_1F|gMirageTower_2F|gMirageTower_3F|gMirageTower_4F
SPECIES_SANDSLASH,0,
SPECIES_NIDORAN_F,1,gMtPyre_1F
SPECIES_NIDORINA,0,
SPECIES_NIDOQUEEN,0,
SPECIES_NIDORAN_M,1,gMtPyre_5F
SPECIES_NIDORINO,0,
SPECIES_NIDOKING,0,
SPECIES_CLEFAIRY,2,gMtPyre_2F|gShoalCave_LowTideLowerRoom
SPECIES_CLEFABLE,0,
SPECIES_VULPIX,1,gMtPyre_Exterior
SPECIES_NINETALES,0,
SPECIES_JIGGLYPUFF,1,gRoute115
SPECIES_WIGGLYTUFF,0,
SPECIES_ZUBAT,54,gGraniteCave_1F|gGraniteCave_B1F|gVictoryRoad_1F|gGraniteCave_B2F|gGraniteCave_StevensRoom|gSeafloorCavern_Room1|gSeafloorCavern_Room2|gSeafloorCavern_Room3|gSeafloorCavern_Room4|gSeafloorCavern_Room5|gSeafloorCavern_Room6|gSeafloorCavern_Room6|gSeafloorCavern_Room7|gSeafloorCavern_Room7|gSeafloorCavern_Room8|gSeafloorCavern_Entrance|gCaveOfOrigin_Entrance|gCaveOfOrigin_1F|gCaveOfOrigin_UnusedRubySapphireMap1|gCaveOfOrigin_UnusedRubySapphireMap1|gCaveOfOrigin_UnusedRubySapphireMap1|gCaveOfOrigin_UnusedRubySapphireMap1|gCaveOfOrigin_UnusedRubySapphireMap1|gCaveOfOrigin_UnusedRubySapphireMap2|gCaveOfOrigin_UnusedRubySapphireMap2|gCaveOfOrigin_UnusedRubySapphireMap2|gCaveOfOrigin_UnusedRubySapphireMap2|gCaveOfOrigin_UnusedRubySapphireMap2|gCaveOfOrigin_UnusedRubySapphireMap3|gCaveOfOrigin_UnusedRubySapphireMap3|gCaveOfOrigin_UnusedRubySapphireMap3|gCaveOfOrigin_UnusedRubySapphireMap3|gCaveOfOrigin_UnusedRubySapphireMap3|gMeteorFalls_1F_1R|gMeteorFalls_1F_1R|gShoalCave_LowTideStairsRoom|gShoalCave_LowTideLowerRoom|gShoalCave_LowTideInnerRoom|gShoalCave_LowTideInnerRoom|gShoalCave_LowTideEntranceRoom|gShoalCave_LowTideEntranceRoom|gShoalCave_LowTideIceRoom|gAlteringCave1|gAlteringCave1|gAlteringCave1|gAlteringCave1|gAlteringCave1|gAlteringCave1|gAlteringCave1|gAlteringCave1|gAlteringCave1|gAlteringCave1|gAlteringCave1|gAlteringCave1
SPECIES_GOLBAT,44,gVictoryRoad_1F|gMeteorFalls_B1F_2R|gMeteorFalls_B1F_2R|gSeafloorCavern_Room1|gSeafloorCavern_Room2|gSeafloorCavern_Room3|gSeafloorCavern_Room4|gSeafloorCavern_Room5|gSeafloorCavern_Room6|gSeafloorCavern_Room6|gSeafloorCavern_Room7|gSeafloorCavern_Room7|gSeafloorCavern_Room8|gSeafloorCavern_Entrance|gCaveOfOrigin_Entrance|gCaveOfOrigin_1F|gCaveOfOrigin_UnusedRubySapphireMap1|gCaveOfOrigin_UnusedRubySapphireMap1|gCaveOfOrigin_UnusedRubySapphireMap1|gCaveOfOrigin_UnusedRubySapphireMap1|gCaveOfOrigin_UnusedRubySapphireMap2|gCaveOfOrigin_UnusedRubySapphireMap2|gCaveOfOrigin_UnusedRubySapphireMap2|gCaveOfOrigin_UnusedRubySapphireMap2|gCaveOfOrigin_UnusedRubySapphireMap3|gCaveOfOrigin_UnusedRubySapphireMap3|gCaveOfOrigin_UnusedRubySapphireMap3|gCaveOfOrigin_UnusedRubySapphireMap3|gVictoryRoad_B1F|gVictoryRoad_B2F|gVictoryRoad_B2F|gMeteorFalls_1F_2R|gMeteorFalls_1F_2R|gMeteorFalls_B1F_1R|gMeteorFalls_B1F_1R|gShoalCave_LowTideStairsRoom|gShoalCave_LowTideLowerRoom|gShoalCave_LowTideInnerRoom|gShoalCave_LowTideEntranceRoom|gShoalCave_LowTideIceRoom|gSkyPillar_1F|gSkyPillar_3F|gSkyPillar_5F|gMeteorFalls_StevensCave
SPECIES_ODDISH,11,gRoute104|gRoute110|gRoute117|gSafariZone_South|gRoute119|gRoute120|gRoute121|gRoute123|gSafariZone_Southwest|gSafariZone_North|gSafariZone_Northwest
SPECIES_GLOOM,6,gSafariZone_South|gRoute121|gRoute123|gSafariZone_Southwest|gSafariZone_North|gSafariZone_Northwest
SPECIES_VILEPLUME,0,
SPECIES_PARAS,2,gRoute103|gShoalCave_LowTideIceRoom
SPECIES_PARASECT,0,
SPECIES_VENONAT,2,gMtPyre_4F|gMirageTower_2F
SPECIES_VENOMOTH,0,
SPECIES_DIGLETT,2,gSeafloorCavern_Room7|gShoalCave_LowTideStairsRoom
SPECIES_DUGTRIO,0,
SPECIES_MEOWTH,1,gMtPyre_2F
SPECIES_PERSIAN,0,
SPECIES_PSYDUCK,5,gGraniteCave_B1F|gCaveOfOrigin_1F|gSafariZone_Southwest|gSafariZone_Northwest|gMagmaHideout_3F_2R
SPECIES_GOLDUCK,1,gSafariZone_Northwest
SPECIES_MANKEY,2,gMtPyre_Exterior|gShoalCave_LowTideEntranceRoom
SPECIES_PRIMEAPE,0,
SPECIES_GROWLITHE,3,gNewMauville_Inside|gCaveOfOrigin_Entrance|gVictoryRoad_B1F
SPECIES_ARCANINE,0,
SPECIES_POLIWAG,17,gRoute102|gRoute103|gRoute111|gRoute117|gRoute108|gRoute120|gRoute127|gRoute128|gRoute129|gRoute134|gAbandonedShip_HiddenFloorCorridors|gSeafloorCavern_Room7|gMeteorFalls_B1F_1R|gLilycoveCity|gMossdeepCity|gEverGrandeCity|gSafariZone_Southeast
SPECIES_POLIWHIRL,0,
SPECIES_POLIWRATH,0,
SPECIES_ABRA,5,gRoute116|gGraniteCave_1F|gGraniteCave_B1F|gGraniteCave_B2F|gGraniteCave_StevensRoom
SPECIES_KADABRA,0,
SPECIES_ALAKAZAM,0,
SPECIES_MACHOP,3,gFieryPath|gJaggedPass|gMtPyre_6F
SPECIES_MACHOKE,0,
SPECIES_MACHAMP,0,
SPECIES_BELLSPROUT,2,gGraniteCave_1F|gSkyPillar_1F
SPECIES_WEEPINBELL,0,
SPECIES_VICTREEBEL,0,
SPECIES_TENTACOOL,75,gRoute103|gRoute103|gRoute105|gRoute105|gRoute110|gRoute110|gRoute118|gRoute118|gRoute124|gRoute124|gAbandonedShip_Rooms_B1F|gAbandonedShip_Rooms_B1F|gRoute106|gRoute106|gRoute107|gRoute107|gRoute108|gRoute108|gRoute109|gRoute109|gRoute115|gRoute115|gRoute119|gRoute119|gRoute121|gRoute121|gRoute122|gRoute122|gRoute123|gRoute123|gRoute125|gRoute125|gRoute126|gRoute126|gRoute127|gRoute127|gRoute128|gRoute128|gRoute129|gRoute129|gRoute130|gRoute130|gRoute131|gRoute131|gRoute132|gRoute132|gRoute133|gRoute133|gRoute134|gRoute134|gAbandonedShip_HiddenFloorCorridors|gAbandonedShip_HiddenFloorCorridors|gSeafloorCavern_Room6|gSeafloorCavern_Room6|gSeafloorCavern_Room7|gSeafloorCavern_Room7|gSeafloorCavern_Entrance|gSeafloorCavern_Entrance|gShoalCave_LowTideInnerRoom|gShoalCave_LowTideInnerRoom|gShoalCave_LowTideEntranceRoom|gShoalCave_LowTideEntranceRoom|gLilycoveCity|gLilycoveCity|gDewfordTown|gDewfordTown|gSlateportCity|gSlateportCity|gMossdeepCity|gMossdeepCity|gPacifidlogTown|gPacifidlogTown|gEverGrandeCity|gEverGrandeCity|gSootopolisCity
SPECIES_TENTACRUEL,4,gAbandonedShip_Rooms_B1F|gAbandonedShip_Rooms_B1F|gAbandonedShip_HiddenFloorCorridors|gAbandonedShip_HiddenFloorCorridors
SPECIES_GEODUDE,15,gRoute111|gRoute114|gGraniteCave_1F|gGraniteCave_B2F|gSafariZone_North|gVictoryRoad_B1F|gVictoryRoad_B1F|gMagmaHideout_1F|gMagmaHideout_2F_1R|gMagmaHideout_2F_2R|gMagmaHideout_3F_1R|gMagmaHideout_3F_2R|gMagmaHideout_4F|gMagmaHideout_3F_3R|gMagmaHideout_2F_3R
SPECIES_GRAVELER,9,gVictoryRoad_B1F|gMagmaHideout_1F|gMagmaHideout_2F_1R|gMagmaHideout_2F_2R|gMagmaHideout_3F_1R|gMagmaHideout_3F_2R|gMagmaHideout_4F|gMagmaHideout_3F_3R|gMagmaHideout_2F_3R
SPECIES_GOLEM,0,
SPECIES_PONYTA,1,gRoute103
SPECIES_RAPIDASH,0,
SPECIES_SLOWPOKE,14,gRoute103|gRoute117|gRoute118|gRoute106|gRoute115|gRoute120|gRoute121|gRoute133|gSafariZone_Northwest|gShoalCave_LowTideInnerRoom|gShoalCave_LowTideEntranceRoom|gMossdeepCity|gPacifidlogTown|gUnderwater_Route124
SPECIES_SLOWBRO,0,
SPECIES_MAGNEMITE,3,gNewMauville_Inside|gGraniteCave_StevensRoom|gNewMauville_Entrance
SPECIES_MAGNETON,1,gNewMauville_Inside
SPECIES_FARFETCHD,1,gRoute116
SPECIES_DODUO,5,gSafariZone_South|gMtPyre_4F|gSafariZone_Southwest|gSafariZone_Northwest|gMeteorFalls_1F_2R
SPECIES_DODRIO,1,gSafariZone_Northwest
SPECIES_SEEL,3,gRoute102|gSafariZone_Southwest|gSootopolisCity
SPECIES_DEWGONG,0,
SPECIES_GRIMER,2,gFieryPath|gSeafloorCavern_Room6
SPECIES_MUK,0,
SPECIES_SHELLDER,13,gRoute104|gRoute114|gRoute118|gAbandonedShip_Rooms_B1F|gMeteorFalls_B1F_2R|gRoute108|gRoute132|gAbandonedShip_HiddenFloorCorridors|gSeafloorCavern_Room7|gSafariZone_Southwest|gMeteorFalls_1F_1R|gMeteorFalls_B1F_1R|gShoalCave_LowTideEntranceRoom
SPECIES_CLOYSTER,0,
SPECIES_GASTLY,4,gGraniteCave_1F|gSafariZone_Northwest|gMagmaHideout_2F_2R|gMagmaHideout_4F
SPECIES_HAUNTER,0,
SPECIES_GENGAR,0,
SPECIES_ONIX,2,gRoute110|gShoalCave_LowTideIceRoom
SPECIES_DROWZEE,2,gJaggedPass|gMeteorFalls_1F_2R
SPECIES_HYPNO,0,
SPECIES_KRABBY,15,gRoute104|gRoute110|gRoute114|gRoute109|gRoute122|gRoute123|gRoute128|gSeafloorCavern_Room7|gSeafloorCavern_Entrance|gSafariZone_Southwest|gSafariZone_Northwest|gMeteorFalls_1F_1R|gMeteorFalls_1F_2R|gPacifidlogTown|gPacifidlogTown
SPECIES_KINGLER,0,
SPECIES_VOLTORB,2,gNewMauville_Inside|gNewMauville_Entrance
SPECIES_ELECTRODE,1,gNewMauville_Inside
SPECIES_EXEGGCUTE,3,gRusturfTunnel|gShoalCave_LowTideLowerRoom|gMagmaHideout_1F
SPECIES_EXEGGUTOR,0,
SPECIES_CUBONE,2,gRoute112|gSkyPillar_5F
SPECIES_MAROWAK,0,
SPECIES_HITMONLEE,0,
SPECIES_HITMONCHAN,0,
SPECIES_LICKITUNG,1,gRoute112
SPECIES_KOFFING,3,gFieryPath|gGraniteCave_StevensRoom|gMagmaHideout_1F
SPECIES_WEEZING,0,
SPECIES_RHYHORN,3,gRoute113|gSafariZone_Northwest|gMagmaHideout_3F_1R
SPECIES_RHYDON,0,
SPECIES_CHANSEY,0,
SPECIES_TANGELA,2,gSeafloorCavern_Room1|gMagmaHideout_1F
SPECIES_KANGASKHAN,1,gRoute114
SPECIES_HORSEA,22,gRoute104|gRoute114|gRoute117|gRoute124|gRoute107|gRoute109|gRoute119|gRoute126|gRoute126|gRoute132|gRoute133|gRoute134|gRoute134|gSeafloorCavern_Room6|gSafariZone_Northwest|gMeteorFalls_1F_2R|gMeteorFalls_B1F_1R|gMeteorFalls_B1F_1R|gDewfordTown|gPacifidlogTown|gPetalburgCity|gSootopolisCity
SPECIES_SEADRA,0,
SPECIES_GOLDEEN,19,gRoute102|gRoute102|gRoute111|gRoute111|gRoute114|gRoute114|gRoute117|gRoute117|gMeteorFalls_B1F_2R|gRoute120|gRoute120|gSafariZone_Southwest|gSafariZone_Northwest|gVictoryRoad_B2F|gMeteorFalls_1F_1R|gMeteorFalls_1F_2R|gMeteorFalls_B1F_1R|gPetalburgCity|gSafariZone_Southeast
SPECIES_SEAKING,2,gSafariZone_Southwest|gSafariZone_Northwest
SPECIES_STARYU,16,gRoute104|gRoute111|gRoute117|gRoute118|gRoute124|gAbandonedShip_Rooms_B1F|gRoute107|gRoute108|gRoute119|gRoute134|gAbandonedShip_HiddenFloorCorridors|gAbandonedShip_HiddenFloorCorridors|gSeafloorCavern_Room7|gShoalCave_LowTideInnerRoom|gLilycoveCity|gDewfordTown
SPECIES_STARMIE,0,
SPECIES_MR_MIME,0,
SPECIES_SCYTHER,1,gRoute101
SPECIES_JYNX,0,
SPECIES_ELECTABUZZ,0,
SPECIES_MAGMAR,0,
SPECIES_PINSIR,3,gJaggedPass|gSafariZone_Northwest|gMagmaHideout_4F
SPECIES_TAUROS,2,gRoute112|gSafariZone_Southeast
SPECIES_MAGIKARP,54,gRoute102|gRoute103|gRoute104|gRoute105|gRoute110|gRoute111|gRoute114|gRoute117|gRoute118|gRoute124|gAbandonedShip_Rooms_B1F|gMeteorFalls_B1F_2R|gRoute106|gRoute107|gRoute108|gRoute109|gRoute115|gRoute119|gRoute120|gRoute121|gRoute122|gRoute123|gRoute125|gRoute126|gRoute127|gRoute128|gRoute129|gRoute130|gRoute131|gRoute132|gRoute133|gRoute134|gAbandonedShip_HiddenFloorCorridors|gSeafloorCavern_Room6|gSeafloorCavern_Room7|gSeafloorCavern_Entrance|gSafariZone_Southwest|gSafariZone_Northwest|gVictoryRoad_B2F|gMeteorFalls_1F_1R|gMeteorFalls_1F_2R|gMeteorFalls_B1F_1R|gShoalCave_LowTideInnerRoom|gShoalCave_LowTideEntranceRoom|gLilycoveCity|gDewfordTown|gSlateportCity|gMossdeepCity|gPacifidlogTown|gEverGrandeCity|gPetalburgCity|gSootopolisCity|gSootopolisCity|gSafariZone_Southeast
SPECIES_GYARADOS,1,gSootopolisCity
SPECIES_LAPRAS,3,gRoute114|gMeteorFalls_1F_1R|gSootopolisCity
SPECIES_DITTO,1,gDesertUnderpass
SPECIES_EEVEE,2,gMtPyre_4F|gSkyPillar_3F
SPECIES_VAPOREON,0,
SPECIES_JOLTEON,0,
SPECIES_FLAREON,0,
SPECIES_PORYGON,1,gGraniteCave_B1F
SPECIES_OMANYTE,13,gRoute104|gRoute114|gSafariZone_South|gAbandonedShip_Rooms_B1F|gMeteorFalls_B1F_2R|gRoute106|gRoute107|gRoute107|gRoute121|gRoute129|gRoute132|gSeafloorCavern_Entrance|gSeafloorCavern_Entrance
SPECIES_OMASTAR,0,
SPECIES_KABUTO,19,gRoute104|gRoute111|gRoute117|gRoute124|gGraniteCave_B1F|gUnderwater_Route126|gRoute115|gSeafloorCavern_Room7|gSeafloorCavern_Entrance|gSafariZone_Northwest|gVictoryRoad_B1F|gMeteorFalls_1F_1R|gMeteorFalls_1F_1R|gShoalCave_LowTideEntranceRoom|gLilycoveCity|gDewfordTown|gPetalburgCity|gSootopolisCity|gSafariZone_Southeast
SPECIES_KABUTOPS,0,
SPECIES_AERODACTYL,4,gRoute114|gJaggedPass|gSafariZone_Southwest|gSafariZone_Northeast
SPECIES_SNORLAX,0,
SPECIES_ARTICUNO,0,
SPECIES_ZAPDOS,0,
SPECIES_MOLTRES,0,
SPECIES_DRATINI,2,gRoute103|gMirageTower_2F
SPECIES_DRAGONAIR,0,
SPECIES_DRAGONITE,0,
SPECIES_MEWTWO,0,
SPECIES_MEW,0,
SPECIES_CHIKORITA,3,gRoute103|gSeafloorCavern_Room4|gVictoryRoad_B2F
SPECIES_BAYLEEF,0,
SPECIES_MEGANIUM,0,
SPECIES_CYNDAQUIL,1,gJaggedPass
SPECIES_QUILAVA,0,
SPECIES_TYPHLOSION,0,
SPECIES_TOTODILE,1,gRoute104
SPECIES_CROCONAW,0,
SPECIES_FERALIGATR,0,
SPECIES_SENTRET,1,gMtPyre_4F
SPECIES_FURRET,0,
SPECIES_HOOTHOOT,4,gRoute130|gShoalCave_LowTideIceRoom|gSafariZone_Southeast|gSafariZone_Northeast
SPECIES_NOCTOWL,0,
SPECIES_LEDYBA,3,gRoute130|gSkyPillar_5F|gSafariZone_Northeast
SPECIES_LEDIAN,0,
SPECIES_SPINARAK,3,gRoute101|gShoalCave_LowTideEntranceRoom|gSafariZone_Southeast
SPECIES_ARIADOS,0,
SPECIES_CROBAT,0,
SPECIES_CHINCHOU,3,gUnderwater_Route126|gSeafloorCavern_Room4|gUnderwater_Route124
SPECIES_LANTURN,0,
SPECIES_PICHU,2,gGraniteCave_B1F|gMagmaHideout_3F_1R
SPECIES_CLEFFA,1,gRoute111
SPECIES_IGGLYBUFF,2,gMtPyre_4F|gMagmaHideout_3F_3R
SPECIES_TOGEPI,1,gRoute102
SPECIES_TOGETIC,0,
SPECIES_NATU,5,gSafariZone_South|gRoute120|gSafariZone_Southwest|gSafariZone_North|gMagmaHideout_3F_3R
SPECIES_XATU,1,gSafariZone_North
SPECIES_MAREEP,13,gSafariZone_Southeast|gAlteringCave2|gAlteringCave2|gAlteringCave2|gAlteringCave2|gAlteringCave2|gAlteringCave2|gAlteringCave2|gAlteringCave2|gAlteringCave2|gAlteringCave2|gAlteringCave2|gAlteringCave2
SPECIES_FLAAFFY,0,
SPECIES_AMPHAROS,0,
SPECIES_BELLOSSOM,0,
SPECIES_MARILL,11,gRoute102|gRoute104|gRoute111|gRoute112|gRoute114|gRoute117|gRoute117|gRoute120|gRoute120|gPetalburgCity|gSafariZone_Southeast
SPECIES_AZUMARILL,0,
SPECIES_SUDOWOODO,2,gRoute121|gMirageTower_3F
SPECIES_POLITOED,0,
SPECIES_HOPPIP,1,gRoute130
SPECIES_SKIPLOOM,0,
SPECIES_JUMPLUFF,0,
SPECIES_AIPOM,18,gRoute118|gShoalCave_LowTideLowerRoom|gShoalCave_LowTideInnerRoom|gSafariZone_Southeast|gSafariZone_Northeast|gMagmaHideout_3F_1R|gAlteringCave6|gAlteringCave6|gAlteringCave6|gAlteringCave6|gAlteringCave6|gAlteringCave6|gAlteringCave6|gAlteringCave6|gAlteringCave6|gAlteringCave6|gAlteringCave6|gAlteringCave6
SPECIES_SUNKERN,5,gSeafloorCavern_Room5|gMeteorFalls_1F_1R|gSafariZone_Southeast|gSafariZone_Northeast|gMagmaHideout_1F
SPECIES_SUNFLORA,0,
SPECIES_YANMA,2,gRoute102|gMagmaHideout_2F_3R
SPECIES_WOOPER,2,gGraniteCave_1F|gSafariZone_Southeast
SPECIES_QUAGSIRE,1,gSafariZone_Southeast
SPECIES_ESPEON,0,
SPECIES_UMBREON,0,
SPECIES_MURKROW,3,gMeteorFalls_B1F_2R|gMirageTower_1F|gMirageTower_2F
SPECIES_SLOWKING,0,
SPECIES_MISDREAVUS,0,
SPECIES_UNOWN,0,
SPECIES_WOBBUFFET,3,gSafariZone_South|gMtPyre_4F|gSafariZone_Southwest
SPECIES_GIRAFARIG,5,gSafariZone_South|gSeafloorCavern_Room4|gSafariZone_Southwest|gMeteorFalls_1F_2R|gMagmaHideout_1F
SPECIES_PINECO,16,gSeafloorCavern_Room8|gShoalCave_LowTideInnerRoom|gSkyPillar_5F|gSafariZone_Northeast|gAlteringCave3|gAlteringCave3|gAlteringCave3|gAlteringCave3|gAlteringCave3|gAlteringCave3|gAlteringCave3|gAlteringCave3|gAlteringCave3|gAlteringCave3|gAlteringCave3|gAlteringCave3
SPECIES_FORRETRESS,0,
SPECIES_DUNSPARCE,3,gRoute130|gMeteorFalls_B1F_1R|gMirageTower_2F
SPECIES_GLIGAR,2,gCaveOfOrigin_Entrance|gSafariZone_Southeast
SPECIES_STEELIX,0,
SPECIES_SNUBBULL,2,gRoute123|gSafariZone_Southeast
SPECIES_GRANBULL,0,
SPECIES_QWILFISH,3,gSeafloorCavern_Room8|gNewMauville_Entrance|gMeteorFalls_B1F_1R
SPECIES_SCIZOR,0,
SPECIES_SHUCKLE,20,gRoute103|gRoute114|gSeafloorCavern_Room4|gSeafloorCavern_Room8|gSafariZone_Northeast|gMagmaHideout_3F_1R|gMagmaHideout_3F_3R|gMirageTower_4F|gAlteringCave7|gAlteringCave7|gAlteringCave7|gAlteringCave7|gAlteringCave7|gAlteringCave7|gAlteringCave7|gAlteringCave7|gAlteringCave7|gAlteringCave7|gAlteringCave7|gAlteringCave7
SPECIES_HERACROSS,2,gMtPyre_6F|gSafariZone_North
SPECIES_SNEASEL,3,gSeafloorCavern_Room3|gCaveOfOrigin_1F|gMagmaHideout_2F_1R
SPECIES_TEDDIURSA,14,gMtPyre_3F|gSafariZone_Northeast|gAlteringCave5|gAlteringCave5|gAlteringCave5|gAlteringCave5|gAlteringCave5|gAlteringCave5|gAlteringCave5|gAlteringCave5|gAlteringCave5|gAlteringCave5|gAlteringCave5|gAlteringCave5
SPECIES_URSARING,0,
SPECIES_SLUGMA,4,gRoute113|gFieryPath|gSeafloorCavern_Room4|gSafariZone_North
SPECIES_MAGCARGO,0,
SPECIES_SWINUB,2,gSeafloorCavern_Room6|gMirageTower_2F
SPECIES_PILOSWINE,0,
SPECIES_CORSOLA,3,gRoute104|gRoute128|gEverGrandeCity
SPECIES_REMORAID,19,gRoute102|gAbandonedShip_Rooms_B1F|gRoute109|gRoute115|gRoute120|gRoute129|gRoute130|gRoute132|gSeafloorCavern_Room6|gSeafloorCavern_Entrance|gVictoryRoad_B2F|gShoalCave_LowTideEntranceRoom|gLilycoveCity|gDewfordTown|gSlateportCity|gMossdeepCity|gEverGrandeCity|gSafariZone_Southeast|gSafariZone_Southeast
SPECIES_OCTILLERY,1,gSafariZone_Southeast
SPECIES_DELIBIRD,0,
SPECIES_MANTINE,0,
SPECIES_SKARMORY,1,gRoute113
SPECIES_HOUNDOUR,13,gSafariZone_Northeast|gAlteringCave4|gAlteringCave4|gAlteringCave4|gAlteringCave4|gAlteringCave4|gAlteringCave4|gAlteringCave4|gAlteringCave4|gAlteringCave4|gAlteringCave4|gAlteringCave4|gAlteringCave4
SPECIES_HOUNDOOM,0,
SPECIES_KINGDRA,0,
SPECIES_PHANPY,2,gRoute130|gSafariZone_North
SPECIES_DONPHAN,0,
SPECIES_PORYGON2,0,
SPECIES_STANTLER,16,gSeafloorCavern_Room4|gSkyPillar_1F|gSafariZone_Southeast|gMagmaHideout_2F_3R|gAlteringCave8|gAlteringCave8|gAlteringCave8|gAlteringCave8|gAlteringCave8|gAlteringCave8|gAlteringCave8|gAlteringCave8|gAlteringCave8|gAlteringCave8|gAlteringCave8|gAlteringCave8
SPECIES_SMEARGLE,36,gArtisanCave_B1F|gArtisanCave_B1F|gArtisanCave_B1F|gArtisanCave_B1F|gArtisanCave_B1F|gArtisanCave_B1F|gArtisanCave_B1F|gArtisanCave_B1F|gArtisanCave_B1F|gArtisanCave_B1F|gArtisanCave_B1F|gArtisanCave_B1F|gArtisanCave_1F|gArtisanCave_1F|gArtisanCave_1F|gArtisanCave_1F|gArtisanCave_1F|gArtisanCave_1F|gArtisanCave_1F|gArtisanCave_1F|gArtisanCave_1F|gArtisanCave_1F|gArtisanCave_1F|gArtisanCave_1F|gAlteringCave9|gAlteringCave9|gAlteringCave9|gAlteringCave9|gAlteringCave9|gAlteringCave9|gAlteringCave9|gAlteringCave9|gAlteringCave9|gAlteringCave9|gAlteringCave9|gAlteringCave9
SPECIES_TYROGUE,2,gGraniteCave_B2F|gMeteorFalls_B1F_1R
SPECIES_HITMONTOP,0,
SPECIES_SMOOCHUM,3,gRoute112|gCaveOfOrigin_1F|gSafariZone_Northwest
SPECIES_ELEKID,2,gSeafloorCavern_Room8|gMagmaHideout_3F_2R
SPECIES_MAGBY,1,gRoute118
SPECIES_MILTANK,3,gRoute121|gSafariZone_Northeast|gMirageTower_1F
SPECIES_BLISSEY,0,
SPECIES_RAIKOU,0,
SPECIES_ENTEI,0,
SPECIES_SUICUNE,0,
SPECIES_LARVITAR,1,gGraniteCave_B2F
SPECIES_PUPITAR,0,
SPECIES_TYRANITAR,0,
SPECIES_LUGIA,0,
SPECIES_HO_OH,0,
SPECIES_CELEBI,0,
SPECIES_TREECKO,2,gRoute111|gSeafloorCavern_Room7
SPECIES_GROVYLE,0,
SPECIES_SCEPTILE,0,
SPECIES_TORCHIC,2,gVictoryRoad_1F|gSafariZone_Southeast
SPECIES_COMBUSKEN,0,
SPECIES_BLAZIKEN,0,
SPECIES_MUDKIP,3,gFieryPath|gSeafloorCavern_Room3|gMirageTower_4F
SPECIES_MARSHTOMP,0,
SPECIES_SWAMPERT,0,
SPECIES_POOCHYENA,11,gRoute101|gRoute102|gRoute103|gRoute104|gRoute110|gRoute116|gRoute117|gPetalburgWoods|gRoute120|gRoute121|gRoute123
SPECIES_MIGHTYENA,3,gRoute120|gRoute121|gRoute123
SPECIES_ZIGZAGOON,5,gRoute101|gRoute102|gRoute103|gRoute118|gRoute119
SPECIES_LINOONE,2,gRoute118|gRoute119
SPECIES_WURMPLE,4,gRoute101|gRoute102|gRoute104|gPetalburgWoods
SPECIES_SILCOON,1,gPetalburgWoods
SPECIES_BEAUTIFLY,0,
SPECIES_CASCOON,1,gPetalburgWoods
SPECIES_DUSTOX,0,
SPECIES_LOTAD,2,gRoute102|gRoute114
SPECIES_LOMBRE,1,gRoute114
SPECIES_LUDICOLO,0,
SPECIES_SEEDOT,3,gRoute102|gRoute117|gRoute120
SPECIES_NUZLEAF,1,gRoute114
SPECIES_SHIFTRY,0,
SPECIES_TAILLOW,4,gRoute104|gRoute116|gPetalburgWoods|gRoute115
SPECIES_SWELLOW,1,gRoute115
SPECIES_WINGULL,39,gRoute103|gRoute103|gRoute104|gRoute104|gRoute105|gRoute110|gRoute110|gRoute118|gRoute118|gRoute124|gRoute106|gRoute107|gRoute108|gRoute109|gRoute115|gRoute115|gRoute119|gRoute121|gRoute121|gRoute122|gRoute123|gRoute123|gMtPyre_Exterior|gRoute125|gRoute126|gRoute127|gRoute128|gRoute129|gRoute130|gRoute131|gRoute132|gRoute133|gRoute134|gLilycoveCity|gDewfordTown|gSlateportCity|gMossdeepCity|gPacifidlogTown|gEverGrandeCity
SPECIES_PELIPPER,31,gRoute103|gRoute104|gRoute105|gRoute110|gRoute118|gRoute124|gRoute106|gRoute107|gRoute108|gRoute109|gRoute115|gRoute119|gRoute121|gRoute122|gRoute123|gRoute125|gRoute126|gRoute127|gRoute128|gRoute129|gRoute130|gRoute131|gRoute132|gRoute133|gRoute134|gLilycoveCity|gDewfordTown|gSlateportCity|gMossdeepCity|gPacifidlogTown|gEverGrandeCity
SPECIES_RALTS,1,gRoute102
SPECIES_KIRLIA,0,
SPECIES_GARDEVOIR,0,
SPECIES_SURSKIT,9,gRoute118|gRoute109|gRoute121|gRoute134|gSafariZone_Southwest|gMeteorFalls_1F_1R|gSlateportCity|gMossdeepCity|gSootopolisCity
SPECIES_MASQUERAIN,0,
SPECIES_SHROOMISH,1,gPetalburgWoods
SPECIES_BRELOOM,0,
SPECIES_SLAKOTH,1,gPetalburgWoods
SPECIES_VIGOROTH,0,
SPECIES_SLAKING,0,
SPECIES_NINCADA,1,gRoute116
SPECIES_NINJASK,0,
SPECIES_SHEDINJA,0,
SPECIES_WHISMUR,4,gRoute116|gRusturfTunnel|gVictoryRoad_1F|gDesertUnderpass
SPECIES_LOUDRED,2,gVictoryRoad_1F|gDesertUnderpass
SPECIES_EXPLOUD,0,
SPECIES_MAKUHITA,4,gGraniteCave_1F|gGraniteCave_B1F|gVictoryRoad_1F|gGraniteCave_StevensRoom
SPECIES_HARIYAMA,2,gVictoryRoad_1F|gVictoryRoad_B1F
SPECIES_AZURILL,0,
SPECIES_NOSEPASS,1,gGraniteCave_B2F
SPECIES_SKITTY,1,gRoute116
SPECIES_DELCATTY,0,
SPECIES_SABLEYE,16,gGraniteCave_B1F|gGraniteCave_B2F|gCaveOfOrigin_1F|gCaveOfOrigin_UnusedRubySapphireMap1|gCaveOfOrigin_UnusedRubySapphireMap1|gCaveOfOrigin_UnusedRubySapphireMap1|gCaveOfOrigin_UnusedRubySapphireMap2|gCaveOfOrigin_UnusedRubySapphireMap2|gCaveOfOrigin_UnusedRubySapphireMap2|gCaveOfOrigin_UnusedRubySapphireMap3|gCaveOfOrigin_UnusedRubySapphireMap3|gCaveOfOrigin_UnusedRubySapphireMap3|gVictoryRoad_B2F|gSkyPillar_1F|gSkyPillar_3F|gSkyPillar_5F
SPECIES_MAWILE,2,gVictoryRoad_B1F|gVictoryRoad_B2F
SPECIES_ARON,4,gGraniteCave_B1F|gVictoryRoad_1F|gGraniteCave_B2F|gGraniteCave_StevensRoom
SPECIES_LAIRON,3,gVictoryRoad_1F|gVictoryRoad_B1F|gVictoryRoad_B2F
SPECIES_AGGRON,0,
SPECIES_MEDITITE,3,gRoute111|gSeafloorCavern_Room2|gSafariZone_Northeast
SPECIES_MEDICHAM,0,
SPECIES_ELECTRIKE,2,gRoute110|gRoute118
SPECIES_MANECTRIC,1,gRoute118
SPECIES_PLUSLE,1,gRoute110
SPECIES_MINUN,1,gRoute110
SPECIES_VOLBEAT,1,gRoute117
SPECIES_ILLUMISE,1,gRoute117
SPECIES_ROSELIA,0,
SPECIES_GULPIN,1,gRoute110
SPECIES_SWALOT,0,
SPECIES_CARVANHA,2,gRoute118|gRoute119
SPECIES_SHARPEDO,15,gRoute103|gRoute118|gRoute124|gRoute122|gRoute125|gRoute126|gRoute127|gRoute129|gRoute130|gRoute131|gRoute132|gRoute133|gRoute134|gMossdeepCity|gPacifidlogTown
SPECIES_WAILMER,33,gRoute103|gRoute105|gRoute110|gRoute124|gRoute106|gRoute107|gRoute108|gRoute109|gRoute115|gRoute121|gRoute122|gRoute123|gRoute125|gRoute126|gRoute127|gRoute128|gRoute129|gRoute130|gRoute131|gRoute132|gRoute133|gRoute134|gSeafloorCavern_Room6|gSeafloorCavern_Room7|gSeafloorCavern_Entrance|gShoalCave_LowTideInnerRoom|gShoalCave_LowTideEntranceRoom|gLilycoveCity|gDewfordTown|gSlateportCity|gMossdeepCity|gPacifidlogTown|gEverGrandeCity
SPECIES_WAILORD,1,gRoute129
SPECIES_NUMEL,3,gRoute112|gFieryPath|gJaggedPass
SPECIES_CAMERUPT,0,
SPECIES_TORKOAL,9,gFieryPath|gMagmaHideout_1F|gMagmaHideout_2F_1R|gMagmaHideout_2F_2R|gMagmaHideout_3F_1R|gMagmaHideout_3F_2R|gMagmaHideout_4F|gMagmaHideout_3F_3R|gMagmaHideout_2F_3R
SPECIES_SPOINK,1,gJaggedPass
SPECIES_GRUMPIG,0,
SPECIES_SPINDA,1,gRoute113
SPECIES_TRAPINCH,5,gRoute111|gMirageTower_1F|gMirageTower_2F|gMirageTower_3F|gMirageTower_4F
SPECIES_VIBRAVA,0,
SPECIES_FLYGON,0,
SPECIES_CACNEA,1,gRoute111
SPECIES_CACTURNE,0,
SPECIES_SWABLU,2,gRoute114|gRoute115
SPECIES_ALTARIA,1,gSkyPillar_5F
SPECIES_ZANGOOSE,0,
SPECIES_SEVIPER,1,gRoute114
SPECIES_LUNATONE,2,gRusturfTunnel|gMagmaHideout_4F
SPECIES_SOLROCK,9,gMeteorFalls_B1F_2R|gMeteorFalls_B1F_2R|gMeteorFalls_1F_1R|gMeteorFalls_1F_1R|gMeteorFalls_1F_2R|gMeteorFalls_1F_2R|gMeteorFalls_B1F_1R|gMeteorFalls_B1F_1R|gMeteorFalls_StevensCave
SPECIES_BARBOACH,8,gRoute111|gRoute114|gMeteorFalls_B1F_2R|gRoute120|gVictoryRoad_B2F|gMeteorFalls_1F_1R|gMeteorFalls_1F_2R|gMeteorFalls_B1F_1R
SPECIES_WHISCASH,4,gMeteorFalls_B1F_2R|gVictoryRoad_B2F|gMeteorFalls_1F_2R|gMeteorFalls_B1F_1R
SPECIES_CORPHISH,3,gRoute102|gRoute117|gPetalburgCity
SPECIES_CRAWDAUNT,0,
SPECIES_BALTOY,1,gRoute111
SPECIES_CLAYDOL,3,gSkyPillar_1F|gSkyPillar_3F|gSkyPillar_5F
SPECIES_LILEEP,2,gMtPyre_Exterior|gVictoryRoad_B1F
SPECIES_CRADILY,0,
SPECIES_ANORITH,4,gRoute111|gRoute121|gSafariZone_Southeast|gSafariZone_Northeast
SPECIES_ARMALDO,0,
SPECIES_FEEBAS,21,gRoute105|gRoute117|gMeteorFalls_B1F_2R|gMeteorFalls_B1F_2R|gRoute106|gRoute115|gRoute125|gRoute125|gRoute126|gRoute127|gSeafloorCavern_Room6|gSafariZone_Northwest|gVictoryRoad_B2F|gMeteorFalls_1F_1R|gMeteorFalls_B1F_1R|gShoalCave_LowTideInnerRoom|gSlateportCity|gPacifidlogTown|gEverGrandeCity|gPetalburgCity|gSootopolisCity
SPECIES_MILOTIC,0,
SPECIES_CASTFORM_NORMAL,0,
SPECIES_CASTFORM,0,
SPECIES_KECLEON,5,gRoute118|gRoute119|gRoute120|gRoute121|gRoute123
SPECIES_SHUPPET,10,gMtPyre_1F|gRoute121|gRoute123|gMtPyre_2F|gMtPyre_3F|gMtPyre_4F|gMtPyre_5F|gMtPyre_6F|gMtPyre_Exterior|gMtPyre_Summit
SPECIES_BANETTE,3,gSkyPillar_1F|gSkyPillar_3F|gSkyPillar_5F
SPECIES_DUSKULL,4,gMtPyre_4F|gMtPyre_5F|gMtPyre_6F|gMtPyre_Summit
SPECIES_DUSCLOPS,0,
SPECIES_TROPIUS,1,gRoute119
SPECIES_CHIMECHO,1,gMtPyre_Summit
SPECIES_ABSOL,1,gRoute120
SPECIES_WYNAUT,1,gRoute130
SPECIES_SNORUNT,1,gShoalCave_LowTideIceRoom
SPECIES_GLALIE,0,
SPECIES_SPHEAL,7,gShoalCave_LowTideStairsRoom|gShoalCave_LowTideLowerRoom|gShoalCave_LowTideInnerRoom|gShoalCave_LowTideInnerRoom|gShoalCave_LowTideEntranceRoom|gShoalCave_LowTideEntranceRoom|gShoalCave_LowTideIceRoom
SPECIES_SEALEO,0,
SPECIES_WALREIN,0,
SPECIES_CLAMPERL,2,gUnderwater_Route126|gUnderwater_Route124
SPECIES_HUNTAIL,0,
SPECIES_GOREBYSS,0,
SPECIES_RELICANTH,2,gUnderwater_Route126|gUnderwater_Route124
SPECIES_LUVDISC,2,gRoute128|gEverGrandeCity
SPECIES_BAGON,3,gRoute110|gMeteorFalls_B1F_2R|gNewMauville_Entrance
SPECIES_SHELGON,0,
SPECIES_SALAMENCE,0,
SPECIES_BELDUM,1,gRoute120
SPECIES_METANG,0,
SPECIES_METAGROSS,0,
SPECIES_REGIROCK,0,
SPECIES_REGICE,0,
SPECIES_REGISTEEL,0,
SPECIES_LATIAS,0,
SPECIES_LATIOS,0,
SPECIES_KYOGRE,0,
SPECIES_GROUDON,0,
SPECIES_RAYQUAZA,0,
SPECIES_JIRACHI,0,
SPECIES_DEOXYS_NORMAL,0,
SPECIES_DEOXYS,0,
SPECIES_TURTWIG,1,gRoute113
SPECIES_GROTLE,0,
SPECIES_TORTERRA,0,
SPECIES_CHIMCHAR,5,gRoute115|gRoute130|gSeafloorCavern_Room6|gSafariZone_Southwest|gMirageTower_2F
SPECIES_MONFERNO,0,
SPECIES_INFERNAPE,0,
SPECIES_PIPLUP,7,gRoute115|gGraniteCave_StevensRoom|gShoalCave_LowTideStairsRoom|gShoalCave_LowTideEntranceRoom|gMagmaHideout_2F_1R|gMagmaHideout_3F_1R|gMagmaHideout_3F_3R
SPECIES_PRINPLUP,0,
SPECIES_EMPOLEON,0,
SPECIES_STARLY,2,gMtPyre_Exterior|gMirageTower_1F
SPECIES_STARAVIA,0,
SPECIES_STARAPTOR,0,
SPECIES_BIDOOF,1,gRoute111
SPECIES_BIBAREL,0,
SPECIES_KRICKETOT,1,gNewMauville_Inside
SPECIES_KRICKETUNE,0,
SPECIES_SHINX,1,gRoute115
SPECIES_LUXIO,0,
SPECIES_LUXRAY,0,
SPECIES_BUDEW,1,gMtPyre_Summit
SPECIES_ROSERADE,0,
SPECIES_CRANIDOS,6,gRoute121|gSafariZone_North|gMeteorFalls_1F_2R|gShoalCave_LowTideInnerRoom|gMirageTower_3F|gMeteorFalls_StevensCave
SPECIES_RAMPARDOS,0,
SPECIES_SHIELDON,3,gSafariZone_South|gGraniteCave_B2F|gSkyPillar_1F
SPECIES_BASTIODON,0,
SPECIES_BURMY_PLANT_CLOAK,0,
SPECIES_BURMY,2,gRoute130|gMirageTower_2F
SPECIES_WORMADAM_PLANT_CLOAK,0,
SPECIES_WORMADAM,0,
SPECIES_MOTHIM,0,
SPECIES_COMBEE,1,gMtPyre_Exterior
SPECIES_VESPIQUEN,0,
SPECIES_PACHIRISU,3,gMtPyre_2F|gMeteorFalls_B1F_1R|gMirageTower_3F
SPECIES_BUIZEL,7,gRoute110|gRoute115|gRoute130|gRoute132|gVictoryRoad_B2F|gPacifidlogTown|gSafariZone_Southeast
SPECIES_FLOATZEL,0,
SPECIES_CHERUBI,1,gSeafloorCavern_Room6
SPECIES_CHERRIM_OVERCAST,0,
SPECIES_CHERRIM,0,
SPECIES_SHELLOS_WEST_SEA,0,
SPECIES_SHELLOS,3,gRoute124|gLilycoveCity|gSootopolisCity
SPECIES_GASTRODON_WEST_SEA,0,
SPECIES_GASTRODON,0,
SPECIES_AMBIPOM,0,
SPECIES_DRIFLOON,2,gMtPyre_2F|gShoalCave_LowTideStairsRoom
SPECIES_DRIFBLIM,0,
SPECIES_BUNEARY,2,gMeteorFalls_B1F_2R|gMirageTower_4F
SPECIES_LOPUNNY,0,
SPECIES_MISMAGIUS,0,
SPECIES_HONCHKROW,0,
SPECIES_GLAMEOW,2,gRoute104|gMagmaHideout_2F_2R
SPECIES_PURUGLY,0,
SPECIES_CHINGLING,0,
SPECIES_STUNKY,1,gRoute111
SPECIES_SKUNTANK,0,
SPECIES_BRONZOR,2,gSeafloorCavern_Room7|gDesertUnderpass
SPECIES_BRONZONG,0,
SPECIES_BONSLY,2,gPetalburgWoods|gSafariZone_Northwest
SPECIES_MIME_JR,1,gMtPyre_1F
SPECIES_HAPPINY,1,gMtPyre_2F
SPECIES_CHATOT,2,gMtPyre_Summit|gMagmaHideout_3F_3R
SPECIES_SPIRITOMB,2,gRoute118|gMeteorFalls_StevensCave
SPECIES_GIBLE,3,gRoute123|gSafariZone_Northwest|gMirageTower_3F
SPECIES_GABITE,0,
SPECIES_GARCHOMP,0,
SPECIES_MUNCHLAX,3,gMtPyre_4F|gMagmaHideout_2F_3R|gMirageTower_1F
SPECIES_RIOLU,1,gRoute102
SPECIES_LUCARIO,0,
SPECIES_HIPPOPOTAS,1,gSeafloorCavern_Room1
SPECIES_HIPPOWDON,0,
SPECIES_SKORUPI,1,gRoute118
SPECIES_DRAPION,0,
SPECIES_CROAGUNK,1,gRoute112
SPECIES_TOXICROAK,0,
SPECIES_CARNIVINE,0,
SPECIES_FINNEON,17,gRoute104|gRoute111|gRoute111|gRoute114|gMeteorFalls_B1F_2R|gRoute107|gRoute109|gRoute122|gRoute126|gRoute127|gRoute129|gRoute130|gRoute132|gAbandonedShip_HiddenFloorCorridors|gMeteorFalls_1F_1R|gShoalCave_LowTideEntranceRoom|gSafariZone_Southeast
SPECIES_LUMINEON,0,
SPECIES_MANTYKE,12,gRoute102|gRoute117|gRoute118|gRoute107|gRoute119|gRoute123|gRoute133|gSeafloorCavern_Room6|gMeteorFalls_B1F_1R|gShoalCave_LowTideInnerRoom|gShoalCave_LowTideEntranceRoom|gMossdeepCity
SPECIES_SNOVER,1,gSeafloorCavern_Room1
SPECIES_ABOMASNOW,0,
SPECIES_WEAVILE,0,
SPECIES_MAGNEZONE,0,
SPECIES_LICKILICKY,0,
SPECIES_RHYPERIOR,0,
SPECIES_TANGROWTH,0,
SPECIES_ELECTIVIRE,0,
SPECIES_MAGMORTAR,0,
SPECIES_TOGEKISS,0,
SPECIES_YANMEGA,0,
SPECIES_LEAFEON,0,
SPECIES_GLACEON,0,
SPECIES_GLISCOR,0,
SPECIES_MAMOSWINE,0,
SPECIES_PORYGON_Z,0,
SPECIES_GALLADE,0,
SPECIES_PROBOPASS,0,
SPECIES_DUSKNOIR,0,
SPECIES_FROSLASS,0,
SPECIES_ROTOM,2,gRoute101|gSkyPillar_3F
SPECIES_UXIE,0,
SPECIES_MESPRIT,0,
SPECIES_AZELF,0,
SPECIES_DIALGA,0,
SPECIES_PALKIA,0,
SPECIES_HEATRAN,0,
SPECIES_REGIGIGAS,0,
SPECIES_GIRATINA_ALTERED,0,
SPECIES_GIRATINA,0,
SPECIES_CRESSELIA,0,
SPECIES_PHIONE,0,
SPECIES_MANAPHY,0,
SPECIES_DARKRAI,0,
SPECIES_SHAYMIN_LAND,0,
SPECIES_SHAYMIN,0,
SPECIES_ARCEUS_NORMAL,0,
SPECIES_ARCEUS,0,
SPECIES_VICTINI,0,
SPECIES_SNIVY,2,gRusturfTunnel|gMagmaHideout_1F
SPECIES_SERVINE,0,
SPECIES_SERPERIOR,0,
SPECIES_TEPIG,2,gRoute118|gCaveOfOrigin_1F
SPECIES_PIGNITE,0,
SPECIES_EMBOAR,0,
SPECIES_OSHAWOTT,4,gRoute101|gSeafloorCavern_Room1|gSeafloorCavern_Room5|gSkyPillar_1F
SPECIES_DEWOTT,0,
SPECIES_SAMUROTT,0,
SPECIES_PATRAT,3,gMtPyre_1F|gMeteorFalls_1F_2R|gSkyPillar_1F
SPECIES_WATCHOG,0,
SPECIES_LILLIPUP,1,gMtPyre_Summit
SPECIES_HERDIER,0,
SPECIES_STOUTLAND,0,
SPECIES_PURRLOIN,3,gMtPyre_6F|gSkyPillar_5F|gMagmaHideout_3F_3R
SPECIES_LIEPARD,0,
SPECIES_PANSAGE,2,gMtPyre_3F|gSeafloorCavern_Room6
SPECIES_SIMISAGE,0,
SPECIES_PANSEAR,1,gRoute104
SPECIES_SIMISEAR,0,
SPECIES_PANPOUR,1,gMeteorFalls_B1F_2R
SPECIES_SIMIPOUR,0,
SPECIES_MUNNA,2,gMtPyre_3F|gShoalCave_LowTideEntranceRoom
SPECIES_MUSHARNA,0,
SPECIES_PIDOVE,2,gMtPyre_1F|gShoalCave_LowTideIceRoom
SPECIES_TRANQUILL,0,
SPECIES_UNFEZANT,0,
SPECIES_BLITZLE,1,gRoute118
SPECIES_ZEBSTRIKA,0,
SPECIES_ROGGENROLA,3,gMtPyre_3F|gMagmaHideout_4F|gDesertUnderpass
SPECIES_BOLDORE,0,
SPECIES_GIGALITH,0,
SPECIES_WOOBAT,3,gRoute113|gMeteorFalls_B1F_1R|gSafariZone_Southeast
SPECIES_SWOOBAT,0,
SPECIES_DRILBUR,1,gGraniteCave_B2F
SPECIES_EXCADRILL,0,
SPECIES_AUDINO,3,gMeteorFalls_B1F_2R|gShoalCave_LowTideInnerRoom|gMirageTower_2F
SPECIES_TIMBURR,2,gRoute101|gMeteorFalls_1F_2R
SPECIES_GURDURR,0,
SPECIES_CONKELDURR,0,
SPECIES_TYMPOLE,1,gRoute114
SPECIES_PALPITOAD,0,
SPECIES_SEISMITOAD,0,
SPECIES_THROH,2,gMtPyre_6F|gMirageTower_4F
SPECIES_SAWK,3,gMtPyre_1F|gMeteorFalls_1F_1R|gMagmaHideout_3F_3R
SPECIES_SEWADDLE,2,gMeteorFalls_B1F_2R|gMagmaHideout_3F_2R
SPECIES_SWADLOON,0,
SPECIES_LEAVANNY,0,
SPECIES_VENIPEDE,1,gSafariZone_South
SPECIES_WHIRLIPEDE,0,
SPECIES_SCOLIPEDE,0,
SPECIES_COTTONEE,2,gMtPyre_5F|gShoalCave_LowTideIceRoom
SPECIES_WHIMSICOTT,0,
SPECIES_PETILIL,3,gSeafloorCavern_Room2|gSkyPillar_3F|gMagmaHideout_2F_1R
SPECIES_LILLIGANT,0,
SPECIES_BASCULIN_RED_STRIPED,11,gRoute102|gRoute102|gRoute111|gRoute121|gRoute122|gRoute123|gRoute126|gRoute133|gPacifidlogTown|gPetalburgCity|gSootopolisCity
SPECIES_BASCULIN,16,gRoute103|gRoute110|gUnderwater_Route126|gRoute115|gRoute120|gRoute121|gRoute123|gRoute130|gRoute131|gAbandonedShip_HiddenFloorCorridors|gSeafloorCavern_Room6|gSafariZone_Northwest|gVictoryRoad_B2F|gMeteorFalls_1F_2R|gShoalCave_LowTideInnerRoom|gLilycoveCity
SPECIES_SANDILE,3,gFieryPath|gVictoryRoad_B2F|gMeteorFalls_StevensCave
SPECIES_KROKOROK,0,
SPECIES_KROOKODILE,0,
SPECIES_DARUMAKA,3,gRusturfTunnel|gSafariZone_Northeast|gMagmaHideout_2F_2R
SPECIES_DARMANITAN_STANDARD_MODE,0,
SPECIES_DARMANITAN,0,
SPECIES_MARACTUS,2,gSeafloorCavern_Room8|gShoalCave_LowTideInnerRoom
SPECIES_DWEBBLE,5,gRoute115|gCaveOfOrigin_1F|gSafariZone_North|gMeteorFalls_1F_2R|gShoalCave_LowTideStairsRoom
SPECIES_CRUSTLE,0,
SPECIES_SCRAGGY,3,gMtPyre_1F|gNewMauville_Entrance|gMeteorFalls_B1F_1R
SPECIES_SCRAFTY,0,
SPECIES_SIGILYPH,2,gMtPyre_3F|gMirageTower_1F
SPECIES_YAMASK,1,gPetalburgWoods
SPECIES_COFAGRIGUS,0,
SPECIES_TIRTOUGA,3,gRoute114|gMtPyre_6F|gSeafloorCavern_Room7
SPECIES_CARRACOSTA,0,
SPECIES_ARCHEN,3,gRoute119|gSafariZone_North|gSkyPillar_5F
SPECIES_ARCHEOPS,0,
SPECIES_TRUBBISH,1,gSeafloorCavern_Room1
SPECIES_GARBODOR,0,
SPECIES_ZORUA,1,gRoute102
SPECIES_ZOROARK,0,
SPECIES_MINCCINO,1,gRoute110
SPECIES_CINCCINO,0,
SPECIES_GOTHITA,1,gPetalburgWoods
SPECIES_GOTHORITA,0,
SPECIES_GOTHITELLE,0,
SPECIES_SOLOSIS,5,gFieryPath|gSafariZone_Northwest|gShoalCave_LowTideEntranceRoom|gMagmaHideout_2F_1R|gMagmaHideout_3F_1R
SPECIES_DUOSION,0,
SPECIES_REUNICLUS,0,
SPECIES_DUCKLETT,1,gRoute103
SPECIES_SWANNA,0,
SPECIES_VANILLITE,1,gRoute102
SPECIES_VANILLISH,0,
SPECIES_VANILLUXE,0,
SPECIES_DEERLING_SPRING,0,
SPECIES_DEERLING,3,gSeafloorCavern_Room8|gSkyPillar_3F|gMirageTower_1F
SPECIES_SAWSBUCK_SPRING,0,
SPECIES_SAWSBUCK,0,
SPECIES_EMOLGA,2,gRoute116|gMirageTower_3F
SPECIES_KARRABLAST,2,gRoute117|gMeteorFalls_1F_1R
SPECIES_ESCAVALIER,0,
SPECIES_FOONGUS,1,gSeafloorCavern_Room3
SPECIES_AMOONGUSS,0,
SPECIES_FRILLISH,13,gRoute103|gRoute105|gRoute124|gMeteorFalls_B1F_2R|gRoute106|gRoute119|gRoute121|gRoute132|gAbandonedShip_HiddenFloorCorridors|gSafariZone_Southwest|gVictoryRoad_B2F|gSlateportCity|gSootopolisCity
SPECIES_JELLICENT,0,
SPECIES_ALOMOMOLA,20,gRoute102|gRoute114|gRoute124|gAbandonedShip_Rooms_B1F|gRoute108|gRoute109|gRoute115|gRoute120|gRoute122|gRoute125|gRoute127|gRoute131|gRoute133|gRoute134|gSeafloorCavern_Entrance|gVictoryRoad_B2F|gMeteorFalls_1F_2R|gShoalCave_LowTideInnerRoom|gDewfordTown|gPetalburgCity
SPECIES_JOLTIK,1,gRoute115
SPECIES_GALVANTULA,0,
SPECIES_FERROSEED,2,gSeafloorCavern_Room2|gDesertUnderpass
SPECIES_FERROTHORN,0,
SPECIES_KLINK,1,gSeafloorCavern_Room8
SPECIES_KLANG,0,
SPECIES_KLINKLANG,0,
SPECIES_TYNAMO,1,gRoute117
SPECIES_EELEKTRIK,0,
SPECIES_EELEKTROSS,0,
SPECIES_ELGYEM,1,gNewMauville_Inside
SPECIES_BEHEEYEM,0,
SPECIES_LITWICK,1,gRoute115
SPECIES_LAMPENT,0,
SPECIES_CHANDELURE,0,
SPECIES_AXEW,3,gRoute120|gShoalCave_LowTideIceRoom|gMagmaHideout_4F
SPECIES_FRAXURE,0,
SPECIES_HAXORUS,0,
SPECIES_CUBCHOO,2,gMeteorFalls_B1F_2R|gShoalCave_LowTideEntranceRoom
SPECIES_BEARTIC,0,
SPECIES_CRYOGONAL,0,
SPECIES_SHELMET,1,gMtPyre_Summit
SPECIES_ACCELGOR,0,
SPECIES_STUNFISK,3,gSafariZone_South|gMagmaHideout_2F_2R|gMagmaHideout_3F_2R
SPECIES_MIENFOO,2,gSeafloorCavern_Room5|gMirageTower_4F
SPECIES_MIENSHAO,0,
SPECIES_DRUDDIGON,3,gMtPyre_1F|gMagmaHideout_2F_2R|gMirageTower_3F
SPECIES_GOLETT,1,gMtPyre_Exterior
SPECIES_GOLURK,0,
SPECIES_PAWNIARD,2,gRoute130|gCaveOfOrigin_1F
SPECIES_BISHARP,0,
SPECIES_BOUFFALANT,2,gRoute121|gVictoryRoad_B2F
SPECIES_RUFFLET,1,gGraniteCave_1F
SPECIES_BRAVIARY,0,
SPECIES_VULLABY,2,gRoute123|gSkyPillar_1F
SPECIES_MANDIBUZZ,0,
SPECIES_HEATMOR,3,gSeafloorCavern_Room6|gShoalCave_LowTideLowerRoom|gShoalCave_LowTideEntranceRoom
SPECIES_DURANT,2,gMtPyre_3F|gMagmaHideout_3F_1R
SPECIES_DEINO,3,gFieryPath|gSafariZone_North|gMeteorFalls_1F_1R
SPECIES_ZWEILOUS,0,
SPECIES_HYDREIGON,0,
SPECIES_LARVESTA,2,gRoute110|gMeteorFalls_B1F_1R
SPECIES_VOLCARONA,0,
SPECIES_COBALION,0,
SPECIES_TERRAKION,0,
SPECIES_VIRIZION,0,
SPECIES_TORNADUS_INCARNATE,0,
SPECIES_TORNADUS,0,
SPECIES_THUNDURUS_INCARNATE,0,
SPECIES_THUNDURUS,0,
SPECIES_RESHIRAM,0,
SPECIES_ZEKROM,0,
SPECIES_LANDORUS_INCARNATE,0,
SPECIES_LANDORUS,0,
SPECIES_KYUREM,0,
SPECIES_KELDEO_ORDINARY,0,
SPECIES_KELDEO,0,
SPECIES_MELOETTA_ARIA,0,
SPECIES_MELOETTA,0,
SPECIES_GENESECT,0,
SPECIES_CHESPIN,2,gRusturfTunnel|gSeafloorCavern_Room1
SPECIES_QUILLADIN,0,
SPECIES_CHESNAUGHT,0,
SPECIES_FENNEKIN,1,gMtPyre_Summit
SPECIES_BRAIXEN,0,
SPECIES_DELPHOX,0,
SPECIES_FROAKIE,1,gRoute119
SPECIES_FROGADIER,0,
SPECIES_GRENINJA,0,
SPECIES_BUNNELBY,1,gVictoryRoad_1F
SPECIES_DIGGERSBY,0,
SPECIES_FLETCHLING,1,gSeafloorCavern_Room5
SPECIES_FLETCHINDER,0,
SPECIES_TALONFLAME,0,
SPECIES_SCATTERBUG,1,gSeafloorCavern_Room6
SPECIES_SPEWPA,0,
SPECIES_VIVILLON_ICY_SNOW,0,
SPECIES_VIVILLON,0,
SPECIES_LITLEO,2,gGraniteCave_B2F|gSafariZone_Southwest
SPECIES_PYROAR,0,
SPECIES_FLABEBE_RED_FLOWER,0,
SPECIES_FLABEBE,2,gSeafloorCavern_Room8|gMeteorFalls_1F_1R
SPECIES_FLOETTE_RED_FLOWER,0,
SPECIES_FLOETTE,0,
SPECIES_FLORGES_RED_FLOWER,0,
SPECIES_FLORGES,0,
SPECIES_SKIDDO,1,gRoute119
SPECIES_GOGOAT,0,
SPECIES_PANCHAM,1,gRoute111
SPECIES_PANGORO,0,
SPECIES_FURFROU_NATURAL,0,
SPECIES_FURFROU,1,gMtPyre_2F
SPECIES_ESPURR,3,gSeafloorCavern_Room2|gVictoryRoad_B1F|gShoalCave_LowTideEntranceRoom
SPECIES_MEOWSTIC_MALE,0,
SPECIES_MEOWSTIC,3,gSeafloorCavern_Room5|gMirageTower_3F|gMeteorFalls_StevensCave
SPECIES_HONEDGE,2,gMtPyre_Exterior|gShoalCave_LowTideStairsRoom
SPECIES_DOUBLADE,0,
SPECIES_AEGISLASH_SHIELD,0,
SPECIES_AEGISLASH,0,
SPECIES_SPRITZEE,1,gRoute101
SPECIES_AROMATISSE,0,
SPECIES_SWIRLIX,2,gSeafloorCavern_Room6|gMagmaHideout_3F_1R
SPECIES_SLURPUFF,0,
SPECIES_INKAY,1,gSeafloorCavern_Room1
SPECIES_MALAMAR,0,
SPECIES_BINACLE,2,gRoute108|gMeteorFalls_B1F_1R
SPECIES_BARBARACLE,0,
SPECIES_SKRELP,19,gRoute102|gRoute105|gRoute110|gRoute111|gRoute106|gRoute122|gRoute125|gRoute126|gRoute128|gRoute131|gSeafloorCavern_Room7|gSeafloorCavern_Room7|gSafariZone_Southwest|gSafariZone_Northwest|gVictoryRoad_B2F|gMeteorFalls_B1F_1R|gShoalCave_LowTideInnerRoom|gDewfordTown|gPetalburgCity
SPECIES_DRAGALGE,0,
SPECIES_CLAUNCHER,19,gRoute103|gRoute105|gRoute105|gRoute111|gRoute115|gRoute122|gRoute123|gRoute125|gRoute126|gRoute127|gRoute130|gRoute131|gRoute133|gRoute133|gSeafloorCavern_Room6|gSafariZone_Southwest|gSafariZone_Northwest|gLilycoveCity|gPetalburgCity
SPECIES_CLAWITZER,0,
SPECIES_HELIOPTILE,1,gSeafloorCavern_Room1
SPECIES_HELIOLISK,0,
SPECIES_TYRUNT,5,gRoute117|gGraniteCave_StevensRoom|gVictoryRoad_B1F|gMagmaHideout_3F_2R|gDesertUnderpass
SPECIES_TYRANTRUM,0,
SPECIES_AMAURA,2,gGraniteCave_1F|gGraniteCave_B2F
SPECIES_AURORUS,0,
SPECIES_SYLVEON,0,
SPECIES_HAWLUCHA,3,gRoute114|gSafariZone_North|gSkyPillar_3F
SPECIES_DEDENNE,2,gMeteorFalls_B1F_2R|gMeteorFalls_StevensCave
SPECIES_CARBINK,1,gSeafloorCavern_Room5
SPECIES_GOOMY,1,gVictoryRoad_1F
SPECIES_SLIGGOO,0,
SPECIES_GOODRA,0,
SPECIES_KLEFKI,1,gRusturfTunnel
SPECIES_PHANTUMP,2,gRoute111|gNewMauville_Entrance
SPECIES_TREVENANT,0,
SPECIES_PUMPKABOO_AVERAGE,0,
SPECIES_PUMPKABOO,2,gGraniteCave_StevensRoom|gVictoryRoad_B1F
SPECIES_GOURGEIST_AVERAGE,0,
SPECIES_GOURGEIST,0,
SPECIES_BERGMITE,1,gRoute112
SPECIES_AVALUGG,0,
SPECIES_NOIBAT,3,gMtPyre_6F|gMagmaHideout_2F_1R|gMeteorFalls_StevensCave
SPECIES_NOIVERN,0,
SPECIES_XERNEAS_NEUTRAL,0,
SPECIES_XERNEAS,0,
SPECIES_YVELTAL,0,
SPECIES_ZYGARDE_50_AURA_BREAK,0,
SPECIES_ZYGARDE_50,0,
SPECIES_ZYGARDE,0,
SPECIES_DIANCIE,0,
SPECIES_HOOPA_CONFINED,0,
SPECIES_HOOPA,0,
SPECIES_VOLCANION,0,
SPECIES_ROWLET,3,gRoute116|gSeafloorCavern_Room8|gShoalCave_LowTideStairsRoom
SPECIES_DARTRIX,0,
SPECIES_DECIDUEYE,0,
SPECIES_LITTEN,3,gPetalburgWoods|gShoalCave_LowTideLowerRoom|gSafariZone_Northeast
SPECIES_TORRACAT,0,
SPECIES_INCINEROAR,0,
SPECIES_POPPLIO,2,gMtPyre_5F|gMagmaHideout_2F_2R
SPECIES_BRIONNE,0,
SPECIES_PRIMARINA,0,
SPECIES_PIKIPEK,3,gMtPyre_2F|gSafariZone_Southwest|gMirageTower_2F
SPECIES_TRUMBEAK,0,
SPECIES_TOUCANNON,0,
SPECIES_YUNGOOS,1,gRoute130
SPECIES_GUMSHOOS,0,
SPECIES_GRUBBIN,1,gSeafloorCavern_Room5
SPECIES_CHARJABUG,0,
SPECIES_VIKAVOLT,0,
SPECIES_CRABRAWLER,1,gMtPyre_Summit
SPECIES_CRABOMINABLE,0,
SPECIES_ORICORIO_BAILE,0,
SPECIES_ORICORIO,2,gSeafloorCavern_Room2|gMeteorFalls_B1F_1R
SPECIES_CUTIEFLY,1,gRusturfTunnel
SPECIES_RIBOMBEE,0,
SPECIES_ROCKRUFF,1,gMtPyre_Summit
SPECIES_LYCANROC_MIDDAY,0,
SPECIES_LYCANROC,0,
SPECIES_WISHIWASHI_SOLO,0,
SPECIES_WISHIWASHI,18,gRoute104|gRoute110|gRoute114|gRoute118|gRoute124|gRoute106|gRoute108|gRoute119|gRoute121|gRoute129|gRoute130|gRoute131|gSeafloorCavern_Room7|gMeteorFalls_1F_1R|gShoalCave_LowTideEntranceRoom|gSlateportCity|gPetalburgCity|gSootopolisCity
SPECIES_MAREANIE,2,gRoute111|gMeteorFalls_1F_1R
SPECIES_TOXAPEX,0,
SPECIES_MUDBRAY,1,gSeafloorCavern_Room7
SPECIES_MUDSDALE,0,
SPECIES_DEWPIDER,4,gRoute117|gRoute128|gMossdeepCity|gPetalburgCity
SPECIES_ARAQUANID,0,
SPECIES_FOMANTIS,1,gFieryPath
SPECIES_LURANTIS,0,
SPECIES_MORELULL,1,gGraniteCave_B1F
SPECIES_SHIINOTIC,0,
SPECIES_SALANDIT,1,gRoute113
SPECIES_SALAZZLE,0,
SPECIES_STUFFUL,3,gMtPyre_Exterior|gShoalCave_LowTideLowerRoom|gMagmaHideout_2F_2R
SPECIES_BEWEAR,0,
SPECIES_BOUNSWEET,2,gMtPyre_3F|gNewMauville_Entrance
SPECIES_STEENEE,0,
SPECIES_TSAREENA,0,
SPECIES_COMFEY,1,gMtPyre_Exterior
SPECIES_ORANGURU,1,gRusturfTunnel
SPECIES_PASSIMIAN,2,gMtPyre_6F|gMagmaHideout_2F_3R
SPECIES_WIMPOD,1,gRoute104
SPECIES_GOLISOPOD,0,
SPECIES_SANDYGAST,2,gSeafloorCavern_Room4|gMirageTower_1F
SPECIES_PALOSSAND,0,
SPECIES_PYUKUMUKU,19,gRoute103|gRoute110|gRoute114|gRoute114|gRoute107|gRoute109|gRoute119|gRoute123|gRoute128|gRoute131|gSeafloorCavern_Room6|gSafariZone_Northwest|gSafariZone_Northwest|gMeteorFalls_1F_2R|gShoalCave_LowTideInnerRoom|gSlateportCity|gPacifidlogTown|gEverGrandeCity|gPetalburgCity
SPECIES_TYPE_NULL,0,
SPECIES_SILVALLY_NORMAL,0,
SPECIES_SILVALLY,0,
SPECIES_MINIOR_METEOR_RED,0,
SPECIES_MINIOR_METEOR,0,
SPECIES_MINIOR,1,gSafariZone_North
SPECIES_KOMALA,1,gRoute130
SPECIES_TURTONATOR,1,gMtPyre_5F
SPECIES_TOGEDEMARU,1,gMtPyre_5F
SPECIES_MIMIKYU_DISGUISED,0,
SPECIES_MIMIKYU,2,gMtPyre_3F|gShoalCave_LowTideStairsRoom
SPECIES_BRUXISH,1,gSeafloorCavern_Room6
SPECIES_DRAMPA,2,gMtPyre_5F|gSafariZone_North
SPECIES_DHELMISE,3,gMtPyre_1F|gShoalCave_LowTideStairsRoom|gMirageTower_4F
SPECIES_JANGMO_O,3,gRoute116|gSeafloorCavern_Room2|gVictoryRoad_B2F
SPECIES_HAKAMO_O,0,
SPECIES_KOMMO_O,0,
SPECIES_TAPU_KOKO,0,
SPECIES_TAPU_LELE,0,
SPECIES_TAPU_BULU,0,
SPECIES_TAPU_FINI,0,
SPECIES_COSMOG,2,gMtPyre_Exterior|gCaveOfOrigin_1F
SPECIES_COSMOEM,0,
SPECIES_SOLGALEO,0,
SPECIES_LUNALA,0,
SPECIES_NIHILEGO,0,
SPECIES_BUZZWOLE,0,
SPECIES_PHEROMOSA,0,
SPECIES_XURKITREE,0,
SPECIES_CELESTEELA,0,
SPECIES_KARTANA,0,
SPECIES_GUZZLORD,0,
SPECIES_NECROZMA,0,
SPECIES_MAGEARNA,0,
SPECIES_MARSHADOW,0,
SPECIES_POIPOLE,0,
SPECIES_NAGANADEL,0,
SPECIES_STAKATAKA,0,
SPECIES_BLACEPHALON,0,
SPECIES_ZERAORA,0,
SPECIES_MELTAN,0,
SPECIES_MELMETAL,0,
SPECIES_GROOKEY,1,gMtPyre_2F
SPECIES_THWACKEY,0,
SPECIES_RILLABOOM,0,
SPECIES_SCORBUNNY,1,gRoute112
SPECIES_RABOOT,0,
SPECIES_CINDERACE,0,
SPECIES_SOBBLE,3,gGraniteCave_1F|gSkyPillar_3F|gMirageTower_4F
SPECIES_DRIZZILE,0,
SPECIES_INTELEON,0,
SPECIES_SKWOVET,3,gSeafloorCavern_Room7|gDesertUnderpass|gMeteorFalls_StevensCave
SPECIES_GREEDENT,0,
SPECIES_ROOKIDEE,1,gRoute114
SPECIES_CORVISQUIRE,0,
SPECIES_CORVIKNIGHT,0,
SPECIES_BLIPBUG,1,gMtPyre_2F
SPECIES_DOTTLER,0,
SPECIES_ORBEETLE,0,
SPECIES_NICKIT,1,gRoute103
SPECIES_THIEVUL,0,
SPECIES_GOSSIFLEUR,1,gSeafloorCavern_Room3
SPECIES_ELDEGOSS,0,
SPECIES_WOOLOO,2,gCaveOfOrigin_Entrance|gVictoryRoad_B2F
SPECIES_DUBWOOL,0,
SPECIES_CHEWTLE,2,gGraniteCave_StevensRoom|gDesertUnderpass
SPECIES_DREDNAW,0,
SPECIES_YAMPER,2,gRoute112|gCaveOfOrigin_1F
SPECIES_BOLTUND,0,
SPECIES_ROLYCOLY,1,gSeafloorCavern_Room2
SPECIES_CARKOL,0,
SPECIES_COALOSSAL,0,
SPECIES_APPLIN,1,gSeafloorCavern_Room5
SPECIES_FLAPPLE,0,
SPECIES_APPLETUN,0,
SPECIES_SILICOBRA,1,gFieryPath
SPECIES_SANDACONDA,0,
SPECIES_CRAMORANT,2,gRoute117|gSeafloorCavern_Room6
SPECIES_ARROKUDA,21,gRoute103|gRoute110|gRoute118|gAbandonedShip_Rooms_B1F|gMeteorFalls_B1F_2R|gRoute109|gRoute115|gRoute119|gRoute120|gRoute120|gRoute121|gRoute122|gRoute123|gRoute125|gRoute129|gRoute134|gAbandonedShip_HiddenFloorCorridors|gVictoryRoad_B2F|gVictoryRoad_B2F|gLilycoveCity|gSlateportCity
SPECIES_BARRASKEWDA,0,
SPECIES_TOXEL,1,gCaveOfOrigin_Entrance
SPECIES_TOXTRICITY_AMPED,0,
SPECIES_TOXTRICITY,0,
SPECIES_SIZZLIPEDE,2,gCaveOfOrigin_Entrance|gVictoryRoad_B2F
SPECIES_CENTISKORCH,0,
SPECIES_CLOBBOPUS,2,gRoute116|gMirageTower_4F
SPECIES_GRAPPLOCT,0,
SPECIES_SINISTEA_PHONY,0,
SPECIES_SINISTEA,2,gMtPyre_2F|gMeteorFalls_1F_2R
SPECIES_POLTEAGEIST_PHONY,0,
SPECIES_POLTEAGEIST,0,
SPECIES_HATENNA,1,gSeafloorCavern_Room8
SPECIES_HATTREM,0,
SPECIES_HATTERENE,0,
SPECIES_IMPIDIMP,2,gCaveOfOrigin_Entrance|gNewMauville_Entrance
SPECIES_MORGREM,0,
SPECIES_GRIMMSNARL,0,
SPECIES_OBSTAGOON,0,
SPECIES_PERRSERKER,0,
SPECIES_CURSOLA,0,
SPECIES_SIRFETCHD,0,
SPECIES_MR_RIME,0,
SPECIES_RUNERIGUS,0,
SPECIES_MILCERY,1,gSeafloorCavern_Room1
SPECIES_ALCREMIE_STRAWBERRY_VANILLA_CREAM,0,
SPECIES_ALCREMIE_VANILLA_CREAM,0,
SPECIES_ALCREMIE_STRAWBERRY,0,
SPECIES_ALCREMIE,0,
SPECIES_FALINKS,2,gGraniteCave_StevensRoom|gSafariZone_North
SPECIES_PINCURCHIN,1,gSeafloorCavern_Room3
SPECIES_SNOM,1,gMtPyre_5F
SPECIES_FROSMOTH,0,
SPECIES_STONJOURNER,2,gRoute119|gMagmaHideout_2F_1R
SPECIES_EISCUE_ICE_FACE,0,
SPECIES_EISCUE,1,gSafariZone_South
SPECIES_INDEEDEE_MALE,0,
SPECIES_INDEEDEE,1,gRoute117
SPECIES_MORPEKO_FULL_BELLY,0,
SPECIES_MORPEKO,2,gRoute114|gSkyPillar_3F
SPECIES_CUFANT,4,gRusturfTunnel|gMeteorFalls_B1F_1R|gSkyPillar_1F|gMirageTower_1F
SPECIES_COPPERAJAH,0,
SPECIES_DRACOZOLT,6,gRoute123|gSeafloorCavern_Room5|gSafariZone_Northwest|gShoalCave_LowTideLowerRoom|gSafariZone_Northeast|gMagmaHideout_1F
SPECIES_ARCTOZOLT,5,gRoute111|gMtPyre_3F|gSafariZone_North|gMeteorFalls_1F_2R|gMagmaHideout_2F_1R
SPECIES_DRACOVISH,4,gNewMauville_Inside|gShoalCave_LowTideInnerRoom|gShoalCave_LowTideEntranceRoom|gSafariZone_Northeast
SPECIES_ARCTOVISH,3,gGraniteCave_B2F|gMtPyre_2F|gMagmaHideout_3F_2R
SPECIES_DURALUDON,1,gRoute120
SPECIES_DREEPY,1,gMeteorFalls_B1F_2R
SPECIES_DRAKLOAK,0,
SPECIES_DRAGAPULT,0,
SPECIES_ZACIAN_HERO_OF_MANY_BATTLES,0,
SPECIES_ZACIAN,0,
SPECIES_ZAMAZENTA_HERO_OF_MANY_BATTLES,0,
SPECIES_ZAMAZENTA,0,
SPECIES_ETERNATUS,0,
SPECIES_KUBFU,2,gMtPyre_1F|gMagmaHideout_3F_1R
SPECIES_URSHIFU_SINGLE_STRIKE_STYLE,0,
SPECIES_URSHIFU,0,
SPECIES_ZARUDE,0,
SPECIES_REGIELEKI,0,
SPECIES_REGIDRAGO,0,
SPECIES_GLASTRIER,0,
SPECIES_SPECTRIER,0,
SPECIES_CALYREX,0,
SPECIES_WYRDEER,0,
SPECIES_KLEAVOR,0,
SPECIES_URSALUNA,0,
SPECIES_BASCULEGION_MALE,0,
SPECIES_BASCULEGION,0,
SPECIES_SNEASLER,0,
SPECIES_OVERQWIL,0,
SPECIES_ENAMORUS_INCARNATE,0,
SPECIES_ENAMORUS,0,
SPECIES_VENUSAUR_MEGA,0,
SPECIES_CHARIZARD_MEGA_X,0,
SPECIES_CHARIZARD_MEGA_Y,0,
SPECIES_BLASTOISE_MEGA,0,
SPECIES_BEEDRILL_MEGA,0,
SPECIES_PIDGEOT_MEGA,0,
SPECIES_ALAKAZAM_MEGA,0,
SPECIES_SLOWBRO_MEGA,0,
SPECIES_GENGAR_MEGA,0,
SPECIES_KANGASKHAN_MEGA,0,
SPECIES_PINSIR_MEGA,0,
SPECIES_GYARADOS_MEGA,0,
SPECIES_AERODACTYL_MEGA,0,
SPECIES_MEWTWO_MEGA_X,0,
SPECIES_MEWTWO_MEGA_Y,0,
SPECIES_AMPHAROS_MEGA,0,
SPECIES_STEELIX_MEGA,0,
SPECIES_SCIZOR_MEGA,0,
SPECIES_HERACROSS_MEGA,0,
SPECIES_HOUNDOOM_MEGA,0,
SPECIES_TYRANITAR_MEGA,0,
SPECIES_SCEPTILE_MEGA,0,
SPECIES_BLAZIKEN_MEGA,0,
SPECIES_SWAMPERT_MEGA,0,
SPECIES_GARDEVOIR_MEGA,0,
SPECIES_SABLEYE_MEGA,0,
SPECIES_MAWILE_MEGA,0,
SPECIES_AGGRON_MEGA,0,
SPECIES_MEDICHAM_MEGA,0,
SPECIES_MANECTRIC_MEGA,0,
SPECIES_SHARPEDO_MEGA,0,
SPECIES_CAMERUPT_MEGA,0,
SPECIES_ALTARIA_MEGA,0,
SPECIES_BANETTE_MEGA,0,
SPECIES_ABSOL_MEGA,0,
SPECIES_GLALIE_MEGA,0,
SPECIES_SALAMENCE_MEGA,0,
SPECIES_METAGROSS_MEGA,0,
SPECIES_LATIAS_MEGA,0,
SPECIES_LATIOS_MEGA,0,
SPECIES_LOPUNNY_MEGA,0,
SPECIES_GARCHOMP_MEGA,0,
SPECIES_LUCARIO_MEGA,0,
SPECIES_ABOMASNOW_MEGA,0,
SPECIES_GALLADE_MEGA,0,
SPECIES_AUDINO_MEGA,0,
SPECIES_DIANCIE_MEGA,0,
SPECIES_RAYQUAZA_MEGA,0,
SPECIES_KYOGRE_PRIMAL,0,
SPECIES_GROUDON_PRIMAL,0,
SPECIES_RATTATA_ALOLAN,1,gCaveOfOrigin_Entrance
SPECIES_RATICATE_ALOLAN,0,
SPECIES_RAICHU_ALOLAN,0,
SPECIES_SANDSHREW_ALOLAN,2,gJaggedPass|gMagmaHideout_4F
SPECIES_SANDSLASH_ALOLAN,0,
SPECIES_VULPIX_ALOLAN,2,gSeafloorCavern_Room3|gMagmaHideout_1F
SPECIES_NINETALES_ALOLAN,0,
SPECIES_DIGLETT_ALOLAN,2,gMtPyre_4F|gVictoryRoad_B1F
SPECIES_DUGTRIO_ALOLAN,0,
SPECIES_MEOWTH_ALOLAN,1,gMtPyre_6F
SPECIES_PERSIAN_ALOLAN,0,
SPECIES_GEODUDE_ALOLAN,1,gRusturfTunnel
SPECIES_GRAVELER_ALOLAN,0,
SPECIES_GOLEM_ALOLAN,0,
SPECIES_GRIMER_ALOLAN,2,gRoute117|gShoalCave_LowTideInnerRoom
SPECIES_MUK_ALOLAN,0,
SPECIES_EXEGGUTOR_ALOLAN,0,
SPECIES_MAROWAK_ALOLAN,0,
SPECIES_MEOWTH_GALARIAN,2,gRoute101|gShoalCave_LowTideLowerRoom
SPECIES_PONYTA_GALARIAN,2,gRoute119|gMeteorFalls_1F_1R
SPECIES_RAPIDASH_GALARIAN,0,
SPECIES_SLOWPOKE_GALARIAN,2,gRoute120|gMagmaHideout_2F_3R
SPECIES_SLOWBRO_GALARIAN,0,
SPECIES_FARFETCHD_GALARIAN,2,gRoute104|gNewMauville_Entrance
SPECIES_WEEZING_GALARIAN,0,
SPECIES_MR_MIME_GALARIAN,0,
SPECIES_ARTICUNO_GALARIAN,0,
SPECIES_ZAPDOS_GALARIAN,0,
SPECIES_MOLTRES_GALARIAN,0,
SPECIES_SLOWKING_GALARIAN,0,
SPECIES_CORSOLA_GALARIAN,3,gRoute119|gNewMauville_Entrance|gMeteorFalls_1F_2R
SPECIES_ZIGZAGOON_GALARIAN,2,gGraniteCave_B1F|gSkyPillar_5F
SPECIES_LINOONE_GALARIAN,0,
SPECIES_DARUMAKA_GALARIAN,2,gJaggedPass|gDesertUnderpass
SPECIES_DARMANITAN_GALARIAN_STANDARD_MODE,0,
SPECIES_DARMANITAN_GALARIAN,0,
SPECIES_YAMASK_GALARIAN,1,gRoute112
SPECIES_STUNFISK_GALARIAN,1,gSeafloorCavern_Room7
SPECIES_GROWLITHE_HISUIAN,3,gSeafloorCavern_Room6|gMirageTower_3F|gMirageTower_4F
SPECIES_ARCANINE_HISUIAN,0,
SPECIES_VOLTORB_HISUIAN,1,gRoute101
SPECIES_ELECTRODE_HISUIAN,0,
SPECIES_TYPHLOSION_HISUIAN,0,
SPECIES_QWILFISH_HISUIAN,1,gCaveOfOrigin_Entrance
SPECIES_SNEASEL_HISUIAN,3,gRoute113|gShoalCave_LowTideIceRoom|gSkyPillar_3F
SPECIES_SAMUROTT_HISUIAN,0,
SPECIES_LILLIGANT_HISUIAN,0,
SPECIES_ZORUA_HISUIAN,2,gRoute112|gSkyPillar_5F
SPECIES_ZOROARK_HISUIAN,0,
SPECIES_BRAVIARY_HISUIAN,0,
SPECIES_SLIGGOO_HISUIAN,0,
SPECIES_GOODRA_HISUIAN,0,
SPECIES_AVALUGG_HISUIAN,0,
SPECIES_DECIDUEYE_HISUIAN,0,
SPECIES_PIKACHU_COSPLAY,0,
SPECIES_PIKACHU_ROCK_STAR,0,
SPECIES_PIKACHU_BELLE,0,
SPECIES_PIKACHU_POP_STAR,0,
SPECIES_PIKACHU_PH_D,0,
SPECIES_PIKACHU_LIBRE,0,
SPECIES_PIKACHU_ORIGINAL_CAP,0,
SPECIES_PIKACHU_HOENN_CAP,0,
SPECIES_PIKACHU_SINNOH_CAP,0,
SPECIES_PIKACHU_UNOVA_CAP,0,
SPECIES_PIKACHU_KALOS_CAP,0,
SPECIES_PIKACHU_ALOLA_CAP,0,
SPECIES_PIKACHU_PARTNER_CAP,0,
SPECIES_PIKACHU_WORLD_CAP,0,
SPECIES_PICHU_SPIKY_EARED,3,gRoute117|gRoute130|gShoalCave_LowTideIceRoom
SPECIES_UNOWN_B,0,
SPECIES_UNOWN_C,0,
SPECIES_UNOWN_D,0,
SPECIES_UNOWN_E,0,
SPECIES_UNOWN_F,0,
SPECIES_UNOWN_G,0,
SPECIES_UNOWN_H,0,
SPECIES_UNOWN_I,0,
SPECIES_UNOWN_J,0,
SPECIES_UNOWN_K,0,
SPECIES_UNOWN_L,0,
SPECIES_UNOWN_M,0,
SPECIES_UNOWN_N,0,
SPECIES_UNOWN_O,0,
SPECIES_UNOWN_P,0,
SPECIES_UNOWN_Q,0,
SPECIES_UNOWN_R,0,
SPECIES_UNOWN_S,0,
SPECIES_UNOWN_T,0,
SPECIES_UNOWN_U,0,
SPECIES_UNOWN_V,0,
SPECIES_UNOWN_W,0,
SPECIES_UNOWN_X,0,
SPECIES_UNOWN_Y,0,
SPECIES_UNOWN_Z,0,
SPECIES_UNOWN_EMARK,0,
SPECIES_UNOWN_QMARK,0,
SPECIES_CASTFORM_SUNNY,0,
SPECIES_CASTFORM_RAINY,0,
SPECIES_CASTFORM_SNOWY,0,
SPECIES_DEOXYS_ATTACK,0,
SPECIES_DEOXYS_DEFENSE,0,
SPECIES_DEOXYS_SPEED,0,
SPECIES_BURMY_SANDY_CLOAK,1,gSeafloorCavern_Room3
SPECIES_BURMY_TRASH_CLOAK,1,gGraniteCave_B2F
SPECIES_WORMADAM_SANDY_CLOAK,0,
SPECIES_WORMADAM_TRASH_CLOAK,0,
SPECIES_CHERRIM_SUNSHINE,0,
SPECIES_SHELLOS_EAST_SEA,2,gRoute104|gRoute128
SPECIES_GASTRODON_EAST_SEA,0,
SPECIES_ROTOM_HEAT,0,
SPECIES_ROTOM_WASH,0,
SPECIES_ROTOM_FROST,0,
SPECIES_ROTOM_FAN,0,
SPECIES_ROTOM_MOW,0,
SPECIES_DIALGA_ORIGIN,0,
SPECIES_PALKIA_ORIGIN,0,
SPECIES_GIRATINA_ORIGIN,0,
SPECIES_SHAYMIN_SKY,0,
SPECIES_ARCEUS_FIGHTING,0,
SPECIES_ARCEUS_FLYING,0,
SPECIES_ARCEUS_POISON,0,
SPECIES_ARCEUS_GROUND,0,
SPECIES_ARCEUS_ROCK,0,
SPECIES_ARCEUS_BUG,0,
SPECIES_ARCEUS_GHOST,0,
SPECIES_ARCEUS_STEEL,0,
SPECIES_ARCEUS_FIRE,0,
SPECIES_ARCEUS_WATER,0,
SPECIES_ARCEUS_GRASS,0,
SPECIES_ARCEUS_ELECTRIC,0,
SPECIES_ARCEUS_PSYCHIC,0,
SPECIES_ARCEUS_ICE,0,
SPECIES_ARCEUS_DRAGON,0,
SPECIES_ARCEUS_DARK,0,
SPECIES_ARCEUS_FAIRY,0,
SPECIES_BASCULIN_BLUE_STRIPED,0,
SPECIES_BASCULIN_WHITE_STRIPED,18,gRoute102|gRoute104|gRoute105|gRoute124|gMeteorFalls_B1F_2R|gRoute107|gRoute123|gRoute127|gRoute131|gSeafloorCavern_Entrance|gSeafloorCavern_Entrance|gSafariZone_Southwest|gSafariZone_Southwest|gMeteorFalls_1F_1R|gSlateportCity|gEverGrandeCity|gSafariZone_Southeast|gSafariZone_Southeast
SPECIES_DARMANITAN_ZEN_MODE,0,
SPECIES_DARMANITAN_GALARIAN_ZEN_MODE,0,
SPECIES_DEERLING_SUMMER,0,
SPECIES_DEERLING_AUTUMN,0,
SPECIES_DEERLING_WINTER,0,
SPECIES_SAWSBUCK_SUMMER,0,
SPECIES_SAWSBUCK_AUTUMN,0,
SPECIES_SAWSBUCK_WINTER,0,
SPECIES_TORNADUS_THERIAN,0,
SPECIES_THUNDURUS_THERIAN,0,
SPECIES_LANDORUS_THERIAN,0,
SPECIES_ENAMORUS_THERIAN,0,
SPECIES_KYUREM_WHITE,0,
SPECIES_KYUREM_BLACK,0,
SPECIES_KELDEO_RESOLUTE,0,
SPECIES_MELOETTA_PIROUETTE,0,
SPECIES_GENESECT_DOUSE_DRIVE,0,
SPECIES_GENESECT_SHOCK_DRIVE,0,
SPECIES_GENESECT_BURN_DRIVE,0,
SPECIES_GENESECT_CHILL_DRIVE,0,
SPECIES_GRENINJA_BATTLE_BOND,0,
SPECIES_GRENINJA_ASH,0,
SPECIES_VIVILLON_POLAR,0,
SPECIES_VIVILLON_TUNDRA,0,
SPECIES_VIVILLON_CONTINENTAL,0,
SPECIES_VIVILLON_GARDEN,0,
SPECIES_VIVILLON_ELEGANT,0,
SPECIES_VIVILLON_MEADOW,0,
SPECIES_VIVILLON_MODERN,0,
SPECIES_VIVILLON_MARINE,0,
SPECIES_VIVILLON_ARCHIPELAGO,0,
SPECIES_VIVILLON_HIGH_PLAINS,0,
SPECIES_VIVILLON_SANDSTORM,0,
SPECIES_VIVILLON_RIVER,0,
SPECIES_VIVILLON_MONSOON,0,
SPECIES_VIVILLON_SAVANNA,0,
SPECIES_VIVILLON_SUN,0,
SPECIES_VIVILLON_OCEAN,0,
SPECIES_VIVILLON_JUNGLE,0,
SPECIES_VIVILLON_FANCY,0,
SPECIES_VIVILLON_POKE_BALL,0,
SPECIES_FLABEBE_YELLOW_FLOWER,2,gMtPyre_1F|gShoalCave_LowTideStairsRoom
SPECIES_FLABEBE_ORANGE_FLOWER,1,gGraniteCave_StevensRoom
SPECIES_FLABEBE_BLUE_FLOWER,1,gRoute115
SPECIES_FLABEBE_WHITE_FLOWER,1,gSeafloorCavern_Room3
SPECIES_FLOETTE_YELLOW_FLOWER,0,
SPECIES_FLOETTE_ORANGE_FLOWER,0,
SPECIES_FLOETTE_BLUE_FLOWER,0,
SPECIES_FLOETTE_WHITE_FLOWER,0,
SPECIES_FLOETTE_ETERNAL_FLOWER,0,
SPECIES_FLORGES_YELLOW_FLOWER,0,
SPECIES_FLORGES_ORANGE_FLOWER,0,
SPECIES_FLORGES_BLUE_FLOWER,0,
SPECIES_FLORGES_WHITE_FLOWER,0,
SPECIES_FURFROU_HEART_TRIM,0,
SPECIES_FURFROU_STAR_TRIM,0,
SPECIES_FURFROU_DIAMOND_TRIM,0,
SPECIES_FURFROU_DEBUTANTE_TRIM,0,
SPECIES_FURFROU_MATRON_TRIM,0,
SPECIES_FURFROU_DANDY_TRIM,0,
SPECIES_FURFROU_LA_REINE_TRIM,0,
SPECIES_FURFROU_KABUKI_TRIM,0,
SPECIES_FURFROU_PHARAOH_TRIM,0,
SPECIES_MEOWSTIC_FEMALE,0,
SPECIES_AEGISLASH_BLADE,0,
SPECIES_PUMPKABOO_SMALL,0,
SPECIES_PUMPKABOO_LARGE,0,
SPECIES_PUMPKABOO_SUPER,0,
SPECIES_GOURGEIST_SMALL,0,
SPECIES_GOURGEIST_LARGE,0,
SPECIES_GOURGEIST_SUPER,0,
SPECIES_XERNEAS_ACTIVE,0,
SPECIES_ZYGARDE_10_AURA_BREAK,0,
SPECIES_ZYGARDE_10_POWER_CONSTRUCT,0,
SPECIES_ZYGARDE_50_POWER_CONSTRUCT,0,
SPECIES_ZYGARDE_10,0,
SPECIES_ZYGARDE_COMPLETE,0,
SPECIES_HOOPA_UNBOUND,0,
SPECIES_ORICORIO_POM_POM,1,gJaggedPass
SPECIES_ORICORIO_PAU,1,gMtPyre_3F
SPECIES_ORICORIO_SENSU,2,gGraniteCave_B1F|gMeteorFalls_1F_1R
SPECIES_ROCKRUFF_OWN_TEMPO,2,gMtPyre_Summit|gDesertUnderpass
SPECIES_LYCANROC_MIDNIGHT,0,
SPECIES_LYCANROC_DUSK,0,
SPECIES_WISHIWASHI_SCHOOL,0,
SPECIES_SILVALLY_FIGHTING,0,
SPECIES_SILVALLY_FLYING,0,
SPECIES_SILVALLY_POISON,0,
SPECIES_SILVALLY_GROUND,0,
SPECIES_SILVALLY_ROCK,0,
SPECIES_SILVALLY_BUG,0,
SPECIES_SILVALLY_GHOST,0,
SPECIES_SILVALLY_STEEL,0,
SPECIES_SILVALLY_FIRE,0,
SPECIES_SILVALLY_WATER,0,
SPECIES_SILVALLY_GRASS,0,
SPECIES_SILVALLY_ELECTRIC,0,
SPECIES_SILVALLY_PSYCHIC,0,
SPECIES_SILVALLY_ICE,0,
SPECIES_SILVALLY_DRAGON,0,
SPECIES_SILVALLY_DARK,0,
SPECIES_SILVALLY_FAIRY,0,
SPECIES_MINIOR_METEOR_ORANGE,0,
SPECIES_MINIOR_METEOR_YELLOW,0,
SPECIES_MINIOR_METEOR_GREEN,0,
SPECIES_MINIOR_METEOR_BLUE,0,
SPECIES_MINIOR_METEOR_INDIGO,0,
SPECIES_MINIOR_METEOR_VIOLET,0,
SPECIES_MINIOR_CORE_RED,0,
SPECIES_MINIOR_CORE,0,
SPECIES_MINIOR_CORE_ORANGE,0,
SPECIES_MINIOR_CORE_YELLOW,0,
SPECIES_MINIOR_CORE_GREEN,0,
SPECIES_MINIOR_CORE_BLUE,0,
SPECIES_MINIOR_CORE_INDIGO,0,
SPECIES_MINIOR_CORE_VIOLET,0,
SPECIES_MIMIKYU_BUSTED,0,
SPECIES_NECROZMA_DUSK_MANE,0,
SPECIES_NECROZMA_DAWN_WINGS,0,
SPECIES_NECROZMA_ULTRA,0,
SPECIES_MAGEARNA_ORIGINAL_COLOR,0,
SPECIES_CRAMORANT_GULPING,0,
SPECIES_CRAMORANT_GORGING,0,
SPECIES_TOXTRICITY_LOW_KEY,0,
SPECIES_SINISTEA_ANTIQUE,0,
SPECIES_POLTEAGEIST_ANTIQUE,0,
SPECIES_ALCREMIE_STRAWBERRY_RUBY_CREAM,0,
SPECIES_ALCREMIE_STRAWBERRY_MATCHA_CREAM,0,
SPECIES_ALCREMIE_STRAWBERRY_MINT_CREAM,0,
SPECIES_ALCREMIE_STRAWBERRY_LEMON_CREAM,0,
SPECIES_ALCREMIE_STRAWBERRY_SALTED_CREAM,0,
SPECIES_ALCREMIE_STRAWBERRY_RUBY_SWIRL,0,
SPECIES_ALCREMIE_STRAWBERRY_CARAMEL_SWIRL,0,
SPECIES_ALCREMIE_STRAWBERRY_RAINBOW_SWIRL,0,
SPECIES_ALCREMIE_RUBY_CREAM,0,
SPECIES_ALCREMIE_MATCHA_CREAM,0,
SPECIES_ALCREMIE_MINT_CREAM,0,
SPECIES_ALCREMIE_LEMON_CREAM,0,
SPECIES_ALCREMIE_SALTED_CREAM,0,
SPECIES_ALCREMIE_RUBY_SWIRL,0,
SPECIES_ALCREMIE_CARAMEL_SWIRL,0,
SPECIES_ALCREMIE_RAINBOW_SWIRL,0,
SPECIES_EISCUE_NOICE_FACE,0,
SPECIES_INDEEDEE_FEMALE,0,
SPECIES_MORPEKO_HANGRY,0,
SPECIES_ZACIAN_CROWNED_SWORD,0,
SPECIES_ZAMAZENTA_CROWNED_SHIELD,0,
SPECIES_ETERNATUS_ETERNAMAX,0,
SPECIES_URSHIFU_RAPID_STRIKE_STYLE,0,
SPECIES_ZARUDE_DADA,0,
SPECIES_CALYREX_ICE_RIDER,0,
SPECIES_CALYREX_SHADOW_RIDER,0,
SPECIES_BASCULEGION_FEMALE,0,
SPECIES_ALCREMIE_BERRY_VANILLA_CREAM,0,
SPECIES_ALCREMIE_BERRY_RUBY_CREAM,0,
SPECIES_ALCREMIE_BERRY_MATCHA_CREAM,0,
SPECIES_ALCREMIE_BERRY_MINT_CREAM,0,
SPECIES_ALCREMIE_BERRY_LEMON_CREAM,0,
SPECIES_ALCREMIE_BERRY_SALTED_CREAM,0,
SPECIES_ALCREMIE_BERRY_RUBY_SWIRL,0,
SPECIES_ALCREMIE_BERRY_CARAMEL_SWIRL,0,
SPECIES_ALCREMIE_BERRY_RAINBOW_SWIRL,0,
SPECIES_ALCREMIE_BERRY,0,
SPECIES_ALCREMIE_LOVE_VANILLA_CREAM,0,
SPECIES_ALCREMIE_LOVE_RUBY_CREAM,0,
SPECIES_ALCREMIE_LOVE_MATCHA_CREAM,0,
SPECIES_ALCREMIE_LOVE_MINT_CREAM,0,
SPECIES_ALCREMIE_LOVE_LEMON_CREAM,0,
SPECIES_ALCREMIE_LOVE_SALTED_CREAM,0,
SPECIES_ALCREMIE_LOVE_RUBY_SWIRL,0,
SPECIES_ALCREMIE_LOVE_CARAMEL_SWIRL,0,
SPECIES_ALCREMIE_LOVE_RAINBOW_SWIRL,0,
SPECIES_ALCREMIE_LOVE,0,
SPECIES_ALCREMIE_STAR_VANILLA_CREAM,0,
SPECIES_ALCREMIE_STAR_RUBY_CREAM,0,
SPECIES_ALCREMIE_STAR_MATCHA_CREAM,0,
SPECIES_ALCREMIE_STAR_MINT_CREAM,0,
SPECIES_ALCREMIE_STAR_LEMON_CREAM,0,
SPECIES_ALCREMIE_STAR_SALTED_CREAM,0,
SPECIES_ALCREMIE_STAR_RUBY_SWIRL,0,
SPECIES_ALCREMIE_STAR_CARAMEL_SWIRL,0,
SPECIES_ALCREMIE_STAR_RAINBOW_SWIRL,0,
SPECIES_ALCREMIE_STAR,0,
SPECIES_ALCREMIE_CLOVER_VANILLA_CREAM,0,
SPECIES_ALCREMIE_CLOVER_RUBY_CREAM,0,
SPECIES_ALCREMIE_CLOVER_MATCHA_CREAM,0,
SPECIES_ALCREMIE_CLOVER_MINT_CREAM,0,
SPECIES_ALCREMIE_CLOVER_LEMON_CREAM,0,
SPECIES_ALCREMIE_CLOVER_SALTED_CREAM,0,
SPECIES_ALCREMIE_CLOVER_RUBY_SWIRL,0,
SPECIES_ALCREMIE_CLOVER_CARAMEL_SWIRL,0,
SPECIES_ALCREMIE_CLOVER_RAINBOW_SWIRL,0,
SPECIES_ALCREMIE_CLOVER,0,
SPECIES_ALCREMIE_FLOWER_VANILLA_CREAM,0,
SPECIES_ALCREMIE_FLOWER_RUBY_CREAM,0,
SPECIES_ALCREMIE_FLOWER_MATCHA_CREAM,0,
SPECIES_ALCREMIE_FLOWER_MINT_CREAM,0,
SPECIES_ALCREMIE_FLOWER_LEMON_CREAM,0,
SPECIES_ALCREMIE_FLOWER_SALTED_CREAM,0,
SPECIES_ALCREMIE_FLOWER_RUBY_SWIRL,0,
SPECIES_ALCREMIE_FLOWER_CARAMEL_SWIRL,0,
SPECIES_ALCREMIE_FLOWER_RAINBOW_SWIRL,0,
SPECIES_ALCREMIE_FLOWER,0,
SPECIES_ALCREMIE_RIBBON_VANILLA_CREAM,0,
SPECIES_ALCREMIE_RIBBON_RUBY_CREAM,0,
SPECIES_ALCREMIE_RIBBON_MATCHA_CREAM,0,
SPECIES_ALCREMIE_RIBBON_MINT_CREAM,0,
SPECIES_ALCREMIE_RIBBON_LEMON_CREAM,0,
SPECIES_ALCREMIE_RIBBON_SALTED_CREAM,0,
SPECIES_ALCREMIE_RIBBON_RUBY_SWIRL,0,
SPECIES_ALCREMIE_RIBBON_CARAMEL_SWIRL,0,
SPECIES_ALCREMIE_RIBBON_RAINBOW_SWIRL,0,
SPECIES_ALCREMIE_RIBBON,0,
SPECIES_SPRIGATITO,2,gRoute114|gNewMauville_Entrance
SPECIES_FLORAGATO,0,
SPECIES_MEOWSCARADA,0,
SPECIES_FUECOCO,1,gNewMauville_Inside
SPECIES_CROCALOR,0,
SPECIES_SKELEDIRGE,0,
SPECIES_QUAXLY,2,gRoute113|gMagmaHideout_2F_2R
SPECIES_QUAXWELL,0,
SPECIES_QUAQUAVAL,0,
SPECIES_LECHONK,2,gGraniteCave_B2F|gMagmaHideout_1F
SPECIES_OINKOLOGNE_MALE,0,
SPECIES_OINKOLOGNE_FEMALE,0,
SPECIES_OINKOLOGNE,0,
SPECIES_TAROUNTULA,2,gGraniteCave_1F|gShoalCave_LowTideLowerRoom
SPECIES_SPIDOPS,0,
SPECIES_NYMBLE,2,gVictoryRoad_1F|gMeteorFalls_1F_1R
SPECIES_LOKIX,0,
SPECIES_PAWMI,3,gSeafloorCavern_Room7|gMagmaHideout_2F_3R|gMirageTower_4F
SPECIES_PAWMO,0,
SPECIES_PAWMOT,0,
SPECIES_TANDEMAUS,2,gSeafloorCavern_Room7|gMirageTower_3F
SPECIES_MAUSHOLD_FAMILY_OF_THREE,0,
SPECIES_MAUSHOLD_FAMILY_OF_FOUR,0,
SPECIES_MAUSHOLD,0,
SPECIES_FIDOUGH,2,gSeafloorCavern_Room4|gMeteorFalls_1F_1R
SPECIES_DACHSBUN,0,
SPECIES_SMOLIV,2,gSeafloorCavern_Room1|gMeteorFalls_StevensCave
SPECIES_DOLLIV,0,
SPECIES_ARBOLIVA,0,
SPECIES_SQUAWKABILLY_GREEN_PLUMAGE,2,gRoute103|gSkyPillar_1F
SPECIES_SQUAWKABILLY_BLUE_PLUMAGE,1,gNewMauville_Inside
SPECIES_SQUAWKABILLY_YELLOW_PLUMAGE,2,gSeafloorCavern_Room7|gMeteorFalls_StevensCave
SPECIES_SQUAWKABILLY_WHITE_PLUMAGE,1,gMtPyre_3F
SPECIES_SQUAWKABILLY,3,gRoute113|gSafariZone_Southwest|gMagmaHideout_4F
SPECIES_NACLI,1,gSeafloorCavern_Room2
SPECIES_NACLSTACK,0,
SPECIES_GARGANACL,0,
SPECIES_CHARCADET,2,gRoute123|gCaveOfOrigin_1F
SPECIES_ARMAROUGE,0,
SPECIES_CERULEDGE,0,
SPECIES_TADBULB,2,gRoute110|gMagmaHideout_2F_3R
SPECIES_BELLIBOLT,0,
SPECIES_WATTREL,2,gRoute102|gShoalCave_LowTideInnerRoom
SPECIES_KILOWATTREL,0,
SPECIES_MASCHIFF,1,gMtPyre_5F
SPECIES_MABOSSTIFF,0,
SPECIES_SHROODLE,1,gRoute116
SPECIES_GRAFAIAI,0,
SPECIES_BRAMBLIN,2,gJaggedPass|gVictoryRoad_B2F
SPECIES_BRAMBLEGHAST,0,
SPECIES_TOEDSCOOL,2,gSeafloorCavern_Room4|gMagmaHideout_3F_2R
SPECIES_TOEDSCRUEL,0,
SPECIES_KLAWF,3,gMtPyre_Summit|gMagmaHideout_3F_2R|gMagmaHideout_3F_3R
SPECIES_CAPSAKID,1,gGraniteCave_1F
SPECIES_SCOVILLAIN,0,
SPECIES_RELLOR,2,gMtPyre_5F|gMagmaHideout_2F_1R
SPECIES_RABSCA,0,
SPECIES_FLITTLE,2,gSeafloorCavern_Room2|gNewMauville_Entrance
SPECIES_ESPATHRA,0,
SPECIES_TINKATINK,3,gSeafloorCavern_Room2|gVictoryRoad_B1F|gShoalCave_LowTideInnerRoom
SPECIES_TINKATUFF,0,
SPECIES_TINKATON,0,
SPECIES_WIGLETT,2,gRusturfTunnel|gMagmaHideout_2F_1R
SPECIES_WUGTRIO,0,
SPECIES_BOMBIRDIER,1,gMtPyre_6F
SPECIES_FINIZEN,4,gAbandonedShip_Rooms_B1F|gRoute133|gDewfordTown|gSlateportCity
SPECIES_PALAFIN_ZERO,0,
SPECIES_PALAFIN_HERO,0,
SPECIES_PALAFIN,0,
SPECIES_VAROOM,3,gRoute103|gMagmaHideout_4F|gMirageTower_2F
SPECIES_REVAVROOM,0,
SPECIES_CYCLIZAR,1,gNewMauville_Inside
SPECIES_ORTHWORM,2,gJaggedPass|gMeteorFalls_StevensCave
SPECIES_GLIMMET,4,gMtPyre_6F|gSeafloorCavern_Room3|gMeteorFalls_B1F_1R|gMirageTower_1F
SPECIES_GLIMMORA,0,
SPECIES_GREAVARD,1,gSeafloorCavern_Room4
SPECIES_HOUNDSTONE,0,
SPECIES_FLAMIGO,2,gMtPyre_4F|gVictoryRoad_B2F
SPECIES_CETODDLE,3,gMeteorFalls_B1F_2R|gMirageTower_1F|gDesertUnderpass
SPECIES_CETITAN,0,
SPECIES_VELUZA,21,gRoute104|gRoute105|gRoute110|gRoute117|gRoute118|gAbandonedShip_Rooms_B1F|gRoute106|gRoute108|gRoute119|gRoute120|gRoute121|gRoute125|gRoute126|gRoute129|gAbandonedShip_HiddenFloorCorridors|gSeafloorCavern_Room7|gSeafloorCavern_Entrance|gMeteorFalls_1F_2R|gShoalCave_LowTideInnerRoom|gDewfordTown|gUnderwater_Route124
SPECIES_DONDOZO,22,gRoute102|gRoute104|gRoute110|gRoute111|gAbandonedShip_Rooms_B1F|gRoute106|gRoute108|gRoute125|gRoute127|gRoute130|gRoute132|gSeafloorCavern_Room6|gSafariZone_Southwest|gVictoryRoad_B2F|gMeteorFalls_1F_2R|gShoalCave_LowTideEntranceRoom|gLilycoveCity|gDewfordTown|gMossdeepCity|gEverGrandeCity|gSootopolisCity|gSafariZone_Southeast
SPECIES_TATSUGIRI_CURLY,5,gRoute108|gRoute120|gRoute134|gMeteorFalls_B1F_1R|gEverGrandeCity
SPECIES_TATSUGIRI_DROOPY,1,gRoute103
SPECIES_TATSUGIRI_STRETCHY,4,gRoute105|gAbandonedShip_HiddenFloorCorridors|gMeteorFalls_1F_2R|gPetalburgCity
SPECIES_TATSUGIRI,20,gRoute105|gRoute111|gRoute114|gAbandonedShip_Rooms_B1F|gMeteorFalls_B1F_2R|gRoute106|gRoute107|gRoute109|gRoute119|gRoute120|gRoute122|gRoute123|gRoute127|gRoute128|gRoute130|gRoute131|gSafariZone_Southwest|gMeteorFalls_1F_2R|gShoalCave_LowTideEntranceRoom|gMossdeepCity
SPECIES_ANNIHILAPE,0,
SPECIES_CLODSIRE,0,
SPECIES_FARIGIRAF,0,
SPECIES_DUDUNSPARCE_TWO_SEGMENT,0,
SPECIES_DUDUNSPARCE_THREE_SEGMENT,0,
SPECIES_DUDUNSPARCE,0,
SPECIES_KINGAMBIT,0,
SPECIES_GREAT_TUSK,0,
SPECIES_SCREAM_TAIL,0,
SPECIES_BRUTE_BONNET,0,
SPECIES_FLUTTER_MANE,0,
SPECIES_SLITHER_WING,0,
SPECIES_SANDY_SHOCKS,0,
SPECIES_IRON_TREADS,0,
SPECIES_IRON_BUNDLE,0,
SPECIES_IRON_HANDS,0,
SPECIES_IRON_JUGULIS,0,
SPECIES_IRON_MOTH,0,
SPECIES_IRON_THORNS,0,
SPECIES_FRIGIBAX,1,gGraniteCave_B2F
SPECIES_ARCTIBAX,0,
SPECIES_BAXCALIBUR,0,
SPECIES_GIMMIGHOUL_CHEST,1,gRoute114
SPECIES_GIMMIGHOUL_ROAMING,1,gRoute111
SPECIES_GIMMIGHOUL,3,gMtPyre_1F|gMagmaHideout_4F|gMagmaHideout_2F_3R
SPECIES_GHOLDENGO,0,
SPECIES_WO_CHIEN,0,
SPECIES_CHIEN_PAO,0,
SPECIES_TING_LU,0,
SPECIES_CHI_YU,0,
SPECIES_ROARING_MOON,0,
SPECIES_IRON_VALIANT,0,
SPECIES_KORAIDON,0,
SPECIES_MIRAIDON,0,
SPECIES_TAUROS_PALDEAN_COMBAT_BREED,0,
SPECIES_TAUROS_PALDEAN_BLAZE_BREED,0,
SPECIES_TAUROS_PALDEAN_AQUA_BREED,0,
SPECIES_WOOPER_PALDEAN,0,
SPECIES_WALKING_WAKE,0,
SPECIES_IRON_LEAVES,0,
SPECIES_DIPPLIN,1,gRoute113
SPECIES_POLTCHAGEIST_COUNTERFEIT,0,
SPECIES_POLTCHAGEIST_ARTISAN,0,
SPECIES_POLTCHAGEIST,2,gSeafloorCavern_Room3|gVictoryRoad_B1F
SPECIES_SINISTCHA_UNREMARKABLE,0,
SPECIES_SINISTCHA_MASTERPIECE,0,
SPECIES_SINISTCHA,0,
SPECIES_OKIDOGI,0,
SPECIES_MUNKIDORI,0,
SPECIES_FEZANDIPITI,0,
SPECIES_OGERPON_TEAL_MASK,0,
SPECIES_OGERPON_WELLSPRING_MASK,0,
SPECIES_OGERPON_HEARTHFLAME_MASK,0,
SPECIES_OGERPON_CORNERSTONE_MASK,0,
SPECIES_OGERPON_TEAL_MASK_TERA,0,
SPECIES_OGERPON_WELLSPRING_MASK_TERA,0,
SPECIES_OGERPON_HEARTHFLAME_MASK_TERA,0,
SPECIES_OGERPON_CORNERSTONE_MASK_TERA,0,
SPECIES_OGERPON,0,
SPECIES_URSALUNA_BLOODMOON,0,
SPECIES_VENUSAUR_GIGANTAMAX,0,
SPECIES_BLASTOISE_GIGANTAMAX,0,
SPECIES_CHARIZARD_GIGANTAMAX,0,
SPECIES_BUTTERFREE_GIGANTAMAX,0,
SPECIES_PIKACHU_GIGANTAMAX,0,
SPECIES_MEOWTH_GIGANTAMAX,0,
SPECIES_MACHAMP_GIGANTAMAX,0,
SPECIES_GENGAR_GIGANTAMAX,0,
SPECIES_KINGLER_GIGANTAMAX,0,
SPECIES_LAPRAS_GIGANTAMAX,0,
SPECIES_EEVEE_GIGANTAMAX,0,
SPECIES_SNORLAX_GIGANTAMAX,0,
SPECIES_GARBODOR_GIGANTAMAX,0,
SPECIES_MELMETAL_GIGANTAMAX,0,
SPECIES_RILLABOOM_GIGANTAMAX,0,
SPECIES_CINDERACE_GIGANTAMAX,0,
SPECIES_INTELEON_GIGANTAMAX,0,
SPECIES_CORVIKNIGHT_GIGANTAMAX,0,
SPECIES_ORBEETLE_GIGANTAMAX,0,
SPECIES_DREDNAW_GIGANTAMAX,0,
SPECIES_COALOSSAL_GIGANTAMAX,0,
SPECIES_FLAPPLE_GIGANTAMAX,0,
SPECIES_APPLETUN_GIGANTAMAX,0,
SPECIES_SANDACONDA_GIGANTAMAX,0,
SPECIES_TOXTRICITY_AMPED_GIGANTAMAX,0,
SPECIES_TOXTRICITY_LOW_KEY_GIGANTAMAX,0,
SPECIES_CENTISKORCH_GIGANTAMAX,0,
SPECIES_HATTERENE_GIGANTAMAX,0,
SPECIES_GRIMMSNARL_GIGANTAMAX,0,
SPECIES_ALCREMIE_GIGANTAMAX,0,
SPECIES_COPPERAJAH_GIGANTAMAX,0,
SPECIES_DURALUDON_GIGANTAMAX,0,
SPECIES_URSHIFU_SINGLE_STRIKE_STYLE_GIGANTAMAX,0,
SPECIES_URSHIFU_RAPID_STRIKE_STYLE_GIGANTAMAX,0,